numer klienta;czas rozmowy;kwota zakupu;przedstawiciel;data rozmowy;Oddzia³;Region;miesi¹c
6;129;64;P03;2013-09-19;Rzeszów;Po³udnie;9
12;150;128;P03;2013-10-07;Rzeszów;Po³udnie;10
12;140;172;P02;2013-10-04;Wroc³aw;Zachód;10
9;175;122;P05;2013-10-20;£ódŸ;Centrum;10
3;11;195;P01;2013-08-28;Warszawa;Centrum;8
7;69;154;P04;2013-09-07;Warszawa;Centrum;9
7;101;183;P02;2013-10-05;Wroc³aw;Zachód;10
11;135;159;P04;2013-10-25;Warszawa;Centrum;10
9;171;69;P05;2013-08-26;£ódŸ;Centrum;8
2;97;205;P01;2013-08-14;Warszawa;Centrum;8
5;134;164;P05;2013-09-25;£ódŸ;Centrum;9
5;2;64;P02;2013-08-29;Wroc³aw;Zachód;8
11;39;47;P01;2013-08-04;Warszawa;Centrum;8
11;150;135;P04;2013-10-13;Warszawa;Centrum;10
11;104;118;P03;2013-09-06;Rzeszów;Po³udnie;9
10;144;147;P03;2013-09-05;Rzeszów;Po³udnie;9
9;108;209;P02;2013-08-19;Wroc³aw;Zachód;8
1;129;50;P05;2013-08-09;£ódŸ;Centrum;8
8;31;141;P04;2013-09-14;Warszawa;Centrum;9
9;153;131;P05;2013-09-13;£ódŸ;Centrum;9
4;24;153;P01;2013-09-30;Warszawa;Centrum;9
8;107;157;P04;2013-08-18;Warszawa;Centrum;8
10;90;204;P05;2013-10-06;£ódŸ;Centrum;10
4;118;174;P02;2013-08-25;Wroc³aw;Zachód;8
2;74;164;P05;2013-09-28;£ódŸ;Centrum;9
1;171;103;P01;2013-08-18;Warszawa;Centrum;8
4;171;166;P01;2013-10-26;Warszawa;Centrum;10
15;48;124;P05;2013-10-17;£ódŸ;Centrum;10
12;150;165;P01;2013-09-27;Warszawa;Centrum;9
3;85;78;P02;2013-10-27;Wroc³aw;Zachód;10
3;65;76;P01;2013-08-10;Warszawa;Centrum;8
10;117;133;P02;2013-08-21;Wroc³aw;Zachód;8
9;49;198;P05;2013-08-28;£ódŸ;Centrum;8
11;128;209;P04;2013-08-25;Warszawa;Centrum;8
11;137;92;P03;2013-09-17;Rzeszów;Po³udnie;9
11;75;43;P05;2013-09-26;£ódŸ;Centrum;9
6;42;161;P04;2013-08-31;Warszawa;Centrum;8
2;174;182;P03;2013-10-10;Rzeszów;Po³udnie;10
11;141;108;P05;2013-10-14;£ódŸ;Centrum;10
6;58;88;P05;2013-10-29;£ódŸ;Centrum;10
10;60;128;P05;2013-08-16;£ódŸ;Centrum;8
8;2;157;P01;2013-08-20;Warszawa;Centrum;8
4;13;41;P04;2013-10-04;Warszawa;Centrum;10
8;175;47;P02;2013-09-23;Wroc³aw;Zachód;9
7;169;211;P05;2013-08-02;£ódŸ;Centrum;8
7;126;44;P01;2013-09-28;Warszawa;Centrum;9
6;96;126;P04;2013-08-27;Warszawa;Centrum;8
6;136;88;P01;2013-08-13;Warszawa;Centrum;8
5;23;116;P03;2013-10-19;Rzeszów;Po³udnie;10
11;40;65;P02;2013-10-03;Wroc³aw;Zachód;10
9;158;70;P03;2013-10-15;Rzeszów;Po³udnie;10
4;14;179;P05;2013-09-09;£ódŸ;Centrum;9
11;137;94;P02;2013-09-23;Wroc³aw;Zachód;9
4;168;125;P02;2013-10-08;Wroc³aw;Zachód;10
5;111;105;P01;2013-09-13;Warszawa;Centrum;9
6;61;115;P03;2013-08-29;Rzeszów;Po³udnie;8
7;139;139;P02;2013-09-12;Wroc³aw;Zachód;9
5;138;99;P05;2013-10-23;£ódŸ;Centrum;10
10;63;90;P05;2013-08-16;£ódŸ;Centrum;8
10;54;71;P02;2013-09-16;Wroc³aw;Zachód;9
3;36;106;P03;2013-08-25;Rzeszów;Po³udnie;8
4;8;139;P05;2013-08-06;£ódŸ;Centrum;8
2;106;77;P01;2013-10-24;Warszawa;Centrum;10
11;124;42;P03;2013-09-20;Rzeszów;Po³udnie;9
5;116;145;P05;2013-08-20;£ódŸ;Centrum;8
9;5;93;P02;2013-10-16;Wroc³aw;Zachód;10
7;73;178;P02;2013-09-11;Wroc³aw;Zachód;9
10;84;54;P04;2013-08-16;Warszawa;Centrum;8
10;69;39;P03;2013-09-20;Rzeszów;Po³udnie;9
7;132;163;P02;2013-08-04;Wroc³aw;Zachód;8
3;66;216;P02;2013-08-09;Wroc³aw;Zachód;8
5;124;183;P02;2013-10-22;Wroc³aw;Zachód;10
6;64;216;P01;2013-10-17;Warszawa;Centrum;10
10;92;128;P01;2013-10-30;Warszawa;Centrum;10
2;167;59;P03;2013-08-05;Rzeszów;Po³udnie;8
6;23;162;P01;2013-08-23;Warszawa;Centrum;8
4;38;131;P05;2013-09-03;£ódŸ;Centrum;9
5;28;121;P02;2013-09-02;Wroc³aw;Zachód;9
6;23;62;P05;2013-09-21;£ódŸ;Centrum;9
6;109;30;P03;2013-08-26;Rzeszów;Po³udnie;8
3;19;200;P05;2013-09-10;£ódŸ;Centrum;9
3;59;91;P03;2013-09-25;Rzeszów;Po³udnie;9
7;36;81;P02;2013-09-06;Wroc³aw;Zachód;9
7;27;87;P04;2013-10-10;Warszawa;Centrum;10
2;174;157;P01;2013-10-06;Warszawa;Centrum;10
10;14;94;P03;2013-09-16;Rzeszów;Po³udnie;9
11;5;204;P01;2013-10-02;Warszawa;Centrum;10
7;47;97;P05;2013-10-21;£ódŸ;Centrum;10
7;33;61;P02;2013-09-26;Wroc³aw;Zachód;9
2;32;120;P05;2013-10-26;£ódŸ;Centrum;10
3;92;43;P03;2013-08-16;Rzeszów;Po³udnie;8
5;86;201;P04;2013-08-22;Warszawa;Centrum;8
7;73;76;P05;2013-10-08;£ódŸ;Centrum;10
10;167;62;P04;2013-09-08;Warszawa;Centrum;9
10;108;64;P05;2013-08-20;£ódŸ;Centrum;8
5;45;96;P03;2013-10-28;Rzeszów;Po³udnie;10
6;105;191;P04;2013-08-12;Warszawa;Centrum;8
7;37;61;P04;2013-09-01;Warszawa;Centrum;9
6;144;128;P02;2013-09-20;Wroc³aw;Zachód;9
2;142;161;P01;2013-08-31;Warszawa;Centrum;8
3;107;81;P04;2013-09-15;Warszawa;Centrum;9
2;98;134;P02;2013-09-10;Wroc³aw;Zachód;9
3;30;59;P05;2013-08-26;£ódŸ;Centrum;8
4;23;166;P04;2013-10-27;Warszawa;Centrum;10
9;126;53;P04;2013-08-24;Warszawa;Centrum;8
2;94;103;P03;2013-10-25;Rzeszów;Po³udnie;10
10;21;49;P03;2013-08-02;Rzeszów;Po³udnie;8
2;14;60;P05;2013-10-08;£ódŸ;Centrum;10
5;147;70;P03;2013-10-20;Rzeszów;Po³udnie;10
3;78;175;P01;2013-10-01;Warszawa;Centrum;10
10;131;217;P05;2013-09-03;£ódŸ;Centrum;9
8;166;168;P05;2013-09-29;£ódŸ;Centrum;9
2;56;135;P02;2013-08-17;Wroc³aw;Zachód;8
6;7;89;P02;2013-09-01;Wroc³aw;Zachód;9
5;75;197;P03;2013-10-11;Rzeszów;Po³udnie;10
10;100;173;P03;2013-10-20;Rzeszów;Po³udnie;10
7;149;189;P05;2013-08-05;£ódŸ;Centrum;8
9;29;45;P05;2013-09-22;£ódŸ;Centrum;9
4;119;117;P05;2013-08-28;£ódŸ;Centrum;8
7;101;60;P01;2013-10-11;Warszawa;Centrum;10
6;162;57;P05;2013-08-30;£ódŸ;Centrum;8
10;147;192;P01;2013-09-10;Warszawa;Centrum;9
8;2;188;P05;2013-08-25;£ódŸ;Centrum;8
2;105;88;P05;2013-08-26;£ódŸ;Centrum;8
7;84;93;P04;2013-10-09;Warszawa;Centrum;10
2;179;37;P05;2013-08-04;£ódŸ;Centrum;8
8;93;88;P01;2013-08-10;Warszawa;Centrum;8
5;41;114;P01;2013-10-16;Warszawa;Centrum;10
11;32;177;P02;2013-08-18;Wroc³aw;Zachód;8
7;148;60;P01;2013-10-19;Warszawa;Centrum;10
11;118;64;P02;2013-09-26;Wroc³aw;Zachód;9
10;89;159;P02;2013-10-19;Wroc³aw;Zachód;10
6;15;67;P05;2013-08-03;£ódŸ;Centrum;8
10;178;126;P04;2013-10-11;Warszawa;Centrum;10
3;45;112;P04;2013-10-06;Warszawa;Centrum;10
4;116;53;P03;2013-09-30;Rzeszów;Po³udnie;9
5;33;80;P01;2013-09-19;Warszawa;Centrum;9
7;42;192;P05;2013-10-06;£ódŸ;Centrum;10
2;69;198;P01;2013-10-03;Warszawa;Centrum;10
4;97;130;P04;2013-10-10;Warszawa;Centrum;10
7;156;70;P02;2013-08-27;Wroc³aw;Zachód;8
2;17;150;P01;2013-08-30;Warszawa;Centrum;8
3;152;149;P01;2013-09-23;Warszawa;Centrum;9
8;100;134;P05;2013-09-11;£ódŸ;Centrum;9
10;17;92;P03;2013-09-28;Rzeszów;Po³udnie;9
8;61;160;P01;2013-09-05;Warszawa;Centrum;9
9;157;223;P02;2013-09-19;Wroc³aw;Zachód;9
4;105;86;P01;2013-09-23;Warszawa;Centrum;9
11;43;45;P03;2013-08-05;Rzeszów;Po³udnie;8
9;42;171;P05;2013-09-19;£ódŸ;Centrum;9
10;112;173;P01;2013-08-29;Warszawa;Centrum;8
5;41;174;P04;2013-10-22;Warszawa;Centrum;10
5;140;107;P03;2013-10-15;Rzeszów;Po³udnie;10
8;106;163;P02;2013-08-15;Wroc³aw;Zachód;8
8;116;134;P01;2013-10-24;Warszawa;Centrum;10
5;113;215;P01;2013-10-07;Warszawa;Centrum;10
9;149;143;P03;2013-10-07;Rzeszów;Po³udnie;10
4;117;208;P04;2013-08-19;Warszawa;Centrum;8
9;171;127;P05;2013-09-30;£ódŸ;Centrum;9
2;72;156;P02;2013-08-25;Wroc³aw;Zachód;8
10;97;182;P01;2013-08-15;Warszawa;Centrum;8
11;94;140;P04;2013-09-12;Warszawa;Centrum;9
10;39;193;P02;2013-09-05;Wroc³aw;Zachód;9
7;68;138;P04;2013-09-17;Warszawa;Centrum;9
11;23;49;P01;2013-08-30;Warszawa;Centrum;8
3;38;53;P05;2013-09-21;£ódŸ;Centrum;9
3;80;157;P03;2013-08-21;Rzeszów;Po³udnie;8
8;135;218;P03;2013-10-29;Rzeszów;Po³udnie;10
3;129;124;P05;2013-08-17;£ódŸ;Centrum;8
5;110;28;P03;2013-09-17;Rzeszów;Po³udnie;9
10;57;159;P02;2013-10-14;Wroc³aw;Zachód;10
11;131;28;P04;2013-09-05;Warszawa;Centrum;9
10;139;59;P02;2013-08-28;Wroc³aw;Zachód;8
9;150;158;P04;2013-09-27;Warszawa;Centrum;9
9;15;92;P04;2013-10-14;Warszawa;Centrum;10
3;91;102;P02;2013-10-09;Wroc³aw;Zachód;10
4;63;148;P02;2013-08-31;Wroc³aw;Zachód;8
10;100;199;P05;2013-08-03;£ódŸ;Centrum;8
7;104;97;P02;2013-08-02;Wroc³aw;Zachód;8
5;171;104;P02;2013-08-08;Wroc³aw;Zachód;8
7;33;58;P05;2013-09-06;£ódŸ;Centrum;9
6;32;86;P05;2013-08-12;£ódŸ;Centrum;8
4;166;95;P01;2013-09-28;Warszawa;Centrum;9
5;156;20;P01;2013-09-09;Warszawa;Centrum;9
3;119;56;P01;2013-09-15;Warszawa;Centrum;9
9;158;159;P01;2013-09-02;Warszawa;Centrum;9
4;11;138;P03;2013-09-16;Rzeszów;Po³udnie;9
9;79;195;P03;2013-10-29;Rzeszów;Po³udnie;10
11;138;36;P05;2013-09-26;£ódŸ;Centrum;9
9;136;71;P03;2013-09-17;Rzeszów;Po³udnie;9
7;133;221;P05;2013-08-21;£ódŸ;Centrum;8
9;14;101;P02;2013-10-16;Wroc³aw;Zachód;10
7;101;216;P01;2013-08-25;Warszawa;Centrum;8
5;82;159;P01;2013-08-04;Warszawa;Centrum;8
4;42;88;P05;2013-08-16;£ódŸ;Centrum;8
5;101;197;P02;2013-09-12;Wroc³aw;Zachód;9
5;11;45;P02;2013-09-25;Wroc³aw;Zachód;9
4;80;143;P03;2013-10-18;Rzeszów;Po³udnie;10
11;29;185;P02;2013-09-28;Wroc³aw;Zachód;9
4;62;167;P04;2013-10-04;Warszawa;Centrum;10
6;133;218;P02;2013-09-19;Wroc³aw;Zachód;9
9;123;175;P04;2013-08-02;Warszawa;Centrum;8
2;174;29;P02;2013-10-24;Wroc³aw;Zachód;10
3;162;51;P01;2013-09-27;Warszawa;Centrum;9
2;101;217;P04;2013-08-01;Warszawa;Centrum;8
11;17;75;P04;2013-09-10;Warszawa;Centrum;9
8;151;165;P01;2013-10-10;Warszawa;Centrum;10
11;162;174;P05;2013-08-17;£ódŸ;Centrum;8
2;45;86;P03;2013-09-21;Rzeszów;Po³udnie;9
10;145;45;P02;2013-08-26;Wroc³aw;Zachód;8
10;155;189;P03;2013-10-28;Rzeszów;Po³udnie;10
4;34;70;P02;2013-10-10;Wroc³aw;Zachód;10
3;97;71;P02;2013-09-17;Wroc³aw;Zachód;9
11;50;92;P03;2013-08-21;Rzeszów;Po³udnie;8
3;108;121;P01;2013-09-28;Warszawa;Centrum;9
11;166;179;P05;2013-10-01;£ódŸ;Centrum;10
8;61;67;P02;2013-09-16;Wroc³aw;Zachód;9
7;114;132;P02;2013-08-18;Wroc³aw;Zachód;8
11;49;48;P03;2013-09-12;Rzeszów;Po³udnie;9
5;63;29;P01;2013-09-09;Warszawa;Centrum;9
6;79;198;P02;2013-08-31;Wroc³aw;Zachód;8
5;168;157;P04;2013-08-14;Warszawa;Centrum;8
2;1;61;P02;2013-09-06;Wroc³aw;Zachód;9
11;56;188;P04;2013-08-10;Warszawa;Centrum;8
7;108;109;P01;2013-08-02;Warszawa;Centrum;8
4;165;35;P02;2013-09-09;Wroc³aw;Zachód;9
10;118;94;P04;2013-09-03;Warszawa;Centrum;9
3;126;172;P05;2013-09-28;£ódŸ;Centrum;9
7;43;45;P01;2013-09-17;Warszawa;Centrum;9
3;36;53;P02;2013-10-05;Wroc³aw;Zachód;10
10;94;123;P05;2013-09-14;£ódŸ;Centrum;9
4;12;104;P02;2013-09-20;Wroc³aw;Zachód;9
4;8;167;P05;2013-08-21;£ódŸ;Centrum;8
3;112;131;P05;2013-09-19;£ódŸ;Centrum;9
8;163;152;P04;2013-08-26;Warszawa;Centrum;8
8;17;139;P04;2013-10-07;Warszawa;Centrum;10
8;31;177;P04;2013-10-08;Warszawa;Centrum;10
9;96;168;P02;2013-09-09;Wroc³aw;Zachód;9
11;118;148;P02;2013-08-08;Wroc³aw;Zachód;8
9;81;65;P05;2013-09-04;£ódŸ;Centrum;9
4;67;177;P01;2013-09-22;Warszawa;Centrum;9
4;49;211;P03;2013-09-21;Rzeszów;Po³udnie;9
7;101;30;P05;2013-09-05;£ódŸ;Centrum;9
2;155;124;P04;2013-08-29;Warszawa;Centrum;8
4;6;212;P03;2013-08-20;Rzeszów;Po³udnie;8
10;153;98;P05;2013-08-14;£ódŸ;Centrum;8
6;100;55;P05;2013-08-16;£ódŸ;Centrum;8
6;63;90;P01;2013-08-13;Warszawa;Centrum;8
2;126;181;P02;2013-08-16;Wroc³aw;Zachód;8
5;154;34;P02;2013-09-02;Wroc³aw;Zachód;9
3;141;155;P04;2013-09-13;Warszawa;Centrum;9
4;68;128;P03;2013-08-07;Rzeszów;Po³udnie;8
4;82;47;P04;2013-08-11;Warszawa;Centrum;8
11;73;207;P03;2013-10-05;Rzeszów;Po³udnie;10
9;20;177;P02;2013-09-21;Wroc³aw;Zachód;9
9;21;108;P02;2013-10-22;Wroc³aw;Zachód;10
4;120;77;P02;2013-10-03;Wroc³aw;Zachód;10
6;135;77;P01;2013-09-01;Warszawa;Centrum;9
2;120;50;P03;2013-10-01;Rzeszów;Po³udnie;10
8;43;131;P01;2013-09-07;Warszawa;Centrum;9
11;84;119;P03;2013-09-24;Rzeszów;Po³udnie;9
11;85;20;P02;2013-08-31;Wroc³aw;Zachód;8
6;171;200;P04;2013-08-06;Warszawa;Centrum;8
2;40;207;P01;2013-08-24;Warszawa;Centrum;8
3;78;121;P04;2013-08-03;Warszawa;Centrum;8
4;117;122;P03;2013-08-24;Rzeszów;Po³udnie;8
7;127;215;P05;2013-09-04;£ódŸ;Centrum;9
9;156;64;P04;2013-09-10;Warszawa;Centrum;9
4;161;117;P02;2013-09-03;Wroc³aw;Zachód;9
2;9;82;P03;2013-09-16;Rzeszów;Po³udnie;9
9;94;156;P03;2013-08-26;Rzeszów;Po³udnie;8
8;110;172;P04;2013-09-22;Warszawa;Centrum;9
11;157;161;P02;2013-10-05;Wroc³aw;Zachód;10
7;53;122;P04;2013-10-27;Warszawa;Centrum;10
6;59;44;P05;2013-10-19;£ódŸ;Centrum;10
4;30;127;P05;2013-08-05;£ódŸ;Centrum;8
6;38;160;P01;2013-10-08;Warszawa;Centrum;10
4;47;145;P01;2013-10-22;Warszawa;Centrum;10
6;41;130;P04;2013-09-11;Warszawa;Centrum;9
4;52;177;P05;2013-08-06;£ódŸ;Centrum;8
6;22;196;P03;2013-09-21;Rzeszów;Po³udnie;9
8;153;223;P04;2013-10-11;Warszawa;Centrum;10
11;155;166;P04;2013-08-12;Warszawa;Centrum;8
6;35;161;P05;2013-10-12;£ódŸ;Centrum;10
9;95;150;P03;2013-08-30;Rzeszów;Po³udnie;8
6;75;32;P02;2013-08-08;Wroc³aw;Zachód;8
3;130;203;P05;2013-09-07;£ódŸ;Centrum;9
10;75;122;P02;2013-10-03;Wroc³aw;Zachód;10
8;111;218;P04;2013-09-23;Warszawa;Centrum;9
2;44;109;P01;2013-10-11;Warszawa;Centrum;10
5;128;51;P03;2013-08-14;Rzeszów;Po³udnie;8
8;45;130;P02;2013-10-27;Wroc³aw;Zachód;10
7;84;101;P03;2013-08-04;Rzeszów;Po³udnie;8
11;115;165;P05;2013-09-20;£ódŸ;Centrum;9
7;136;46;P03;2013-09-09;Rzeszów;Po³udnie;9
4;56;44;P05;2013-10-14;£ódŸ;Centrum;10
8;33;158;P02;2013-09-21;Wroc³aw;Zachód;9
5;112;73;P05;2013-08-06;£ódŸ;Centrum;8
3;9;202;P03;2013-09-23;Rzeszów;Po³udnie;9
8;111;46;P05;2013-10-11;£ódŸ;Centrum;10
7;114;31;P03;2013-10-14;Rzeszów;Po³udnie;10
5;2;145;P01;2013-09-10;Warszawa;Centrum;9
3;74;162;P03;2013-10-03;Rzeszów;Po³udnie;10
3;16;31;P02;2013-09-26;Wroc³aw;Zachód;9
2;7;136;P05;2013-09-19;£ódŸ;Centrum;9
10;86;122;P01;2013-08-25;Warszawa;Centrum;8
2;165;117;P02;2013-08-21;Wroc³aw;Zachód;8
4;144;59;P04;2013-10-17;Warszawa;Centrum;10
8;39;172;P02;2013-10-15;Wroc³aw;Zachód;10
2;120;180;P04;2013-10-26;Warszawa;Centrum;10
4;143;161;P04;2013-09-16;Warszawa;Centrum;9
13;131;116;P05;2013-09-15;£ódŸ;Centrum;9
10;26;157;P01;2013-10-13;Warszawa;Centrum;10
11;163;109;P02;2013-09-11;Wroc³aw;Zachód;9
12;165;96;P04;2013-08-28;Warszawa;Centrum;8
3;142;203;P01;2013-09-05;Warszawa;Centrum;9
14;1;43;P01;2013-10-06;Warszawa;Centrum;10
6;144;60;P02;2013-08-14;Wroc³aw;Zachód;8
5;67;222;P03;2013-08-15;Rzeszów;Po³udnie;8
3;118;94;P01;2013-09-26;Warszawa;Centrum;9
15;153;117;P02;2013-09-25;Wroc³aw;Zachód;9
4;61;29;P05;2013-08-09;£ódŸ;Centrum;8
13;11;213;P05;2013-08-09;£ódŸ;Centrum;8
4;15;58;P01;2013-09-14;Warszawa;Centrum;9
11;112;56;P02;2013-08-29;Wroc³aw;Zachód;8
11;12;57;P05;2013-09-28;£ódŸ;Centrum;9
7;139;156;P02;2013-09-14;Wroc³aw;Zachód;9
5;50;206;P02;2013-10-21;Wroc³aw;Zachód;10
14;145;127;P04;2013-09-19;Warszawa;Centrum;9
12;138;178;P03;2013-08-05;Rzeszów;Po³udnie;8
1;119;53;P04;2013-08-10;Warszawa;Centrum;8
9;35;149;P01;2013-08-11;Warszawa;Centrum;8
7;102;97;P05;2013-10-14;£ódŸ;Centrum;10
9;82;64;P02;2013-09-23;Wroc³aw;Zachód;9
7;123;169;P03;2013-10-29;Rzeszów;Po³udnie;10
11;6;110;P01;2013-08-25;Warszawa;Centrum;8
4;121;126;P04;2013-09-14;Warszawa;Centrum;9
1;27;35;P02;2013-09-25;Wroc³aw;Zachód;9
5;79;83;P02;2013-09-08;Wroc³aw;Zachód;9
8;98;54;P02;2013-10-04;Wroc³aw;Zachód;10
3;158;185;P01;2013-09-10;Warszawa;Centrum;9
14;55;73;P02;2013-09-10;Wroc³aw;Zachód;9
7;122;184;P01;2013-08-04;Warszawa;Centrum;8
1;80;66;P01;2013-08-16;Warszawa;Centrum;8
10;134;65;P02;2013-09-24;Wroc³aw;Zachód;9
5;13;47;P04;2013-08-17;Warszawa;Centrum;8
14;159;44;P01;2013-10-04;Warszawa;Centrum;10
11;172;165;P03;2013-09-14;Rzeszów;Po³udnie;9
8;92;171;P04;2013-09-23;Warszawa;Centrum;9
3;51;71;P02;2013-10-25;Wroc³aw;Zachód;10
2;109;170;P04;2013-09-02;Warszawa;Centrum;9
15;45;165;P03;2013-08-09;Rzeszów;Po³udnie;8
2;57;195;P04;2013-08-28;Warszawa;Centrum;8
6;179;78;P02;2013-09-03;Wroc³aw;Zachód;9
5;153;158;P02;2013-08-29;Wroc³aw;Zachód;8
11;128;65;P02;2013-09-09;Wroc³aw;Zachód;9
15;71;194;P05;2013-09-12;£ódŸ;Centrum;9
13;16;200;P03;2013-08-09;Rzeszów;Po³udnie;8
1;121;191;P01;2013-08-08;Warszawa;Centrum;8
8;143;156;P05;2013-08-08;£ódŸ;Centrum;8
14;116;143;P01;2013-09-01;Warszawa;Centrum;9
1;136;32;P05;2013-09-17;£ódŸ;Centrum;9
10;141;157;P05;2013-10-18;£ódŸ;Centrum;10
7;76;111;P01;2013-09-18;Warszawa;Centrum;9
7;167;67;P05;2013-09-13;£ódŸ;Centrum;9
15;52;205;P01;2013-10-05;Warszawa;Centrum;10
2;25;80;P01;2013-08-16;Warszawa;Centrum;8
11;104;220;P04;2013-10-12;Warszawa;Centrum;10
5;50;212;P03;2013-08-31;Rzeszów;Po³udnie;8
2;99;201;P02;2013-08-24;Wroc³aw;Zachód;8
6;51;140;P03;2013-08-29;Rzeszów;Po³udnie;8
15;33;118;P04;2013-08-01;Warszawa;Centrum;8
11;119;76;P03;2013-10-11;Rzeszów;Po³udnie;10
4;137;142;P02;2013-08-10;Wroc³aw;Zachód;8
13;68;103;P02;2013-08-01;Wroc³aw;Zachód;8
9;80;192;P02;2013-08-18;Wroc³aw;Zachód;8
5;22;90;P04;2013-08-09;Warszawa;Centrum;8
8;99;57;P03;2013-08-13;Rzeszów;Po³udnie;8
15;116;79;P04;2013-08-19;Warszawa;Centrum;8
9;101;157;P02;2013-10-25;Wroc³aw;Zachód;10
11;139;214;P02;2013-08-18;Wroc³aw;Zachód;8
10;3;202;P05;2013-08-22;£ódŸ;Centrum;8
11;132;70;P03;2013-08-10;Rzeszów;Po³udnie;8
8;146;99;P01;2013-08-08;Warszawa;Centrum;8
9;134;104;P02;2013-08-04;Wroc³aw;Zachód;8
3;106;190;P04;2013-08-12;Warszawa;Centrum;8
1;170;157;P05;2013-09-19;£ódŸ;Centrum;9
10;113;43;P03;2013-10-13;Rzeszów;Po³udnie;10
7;158;196;P04;2013-10-10;Warszawa;Centrum;10
13;79;197;P05;2013-10-08;£ódŸ;Centrum;10
5;96;172;P04;2013-10-10;Warszawa;Centrum;10
11;6;122;P03;2013-10-19;Rzeszów;Po³udnie;10
10;100;116;P02;2013-08-15;Wroc³aw;Zachód;8
2;174;51;P02;2013-10-04;Wroc³aw;Zachód;10
4;159;137;P03;2013-08-22;Rzeszów;Po³udnie;8
11;44;221;P05;2013-08-12;£ódŸ;Centrum;8
15;76;76;P01;2013-09-05;Warszawa;Centrum;9
14;138;35;P03;2013-09-16;Rzeszów;Po³udnie;9
4;46;110;P02;2013-09-24;Wroc³aw;Zachód;9
9;120;184;P01;2013-08-27;Warszawa;Centrum;8
14;84;193;P01;2013-10-14;Warszawa;Centrum;10
15;136;101;P02;2013-09-12;Wroc³aw;Zachód;9
10;48;80;P01;2013-08-27;Warszawa;Centrum;8
9;56;81;P05;2013-10-08;£ódŸ;Centrum;10
4;100;133;P02;2013-09-08;Wroc³aw;Zachód;9
15;149;205;P02;2013-08-05;Wroc³aw;Zachód;8
7;123;87;P04;2013-08-20;Warszawa;Centrum;8
4;178;126;P01;2013-10-02;Warszawa;Centrum;10
13;116;69;P03;2013-09-15;Rzeszów;Po³udnie;9
6;21;40;P02;2013-10-11;Wroc³aw;Zachód;10
5;139;224;P01;2013-10-28;Warszawa;Centrum;10
3;27;60;P03;2013-08-03;Rzeszów;Po³udnie;8
7;134;181;P03;2013-08-31;Rzeszów;Po³udnie;8
6;43;149;P01;2013-09-16;Warszawa;Centrum;9
6;42;64;P02;2013-10-10;Wroc³aw;Zachód;10
14;129;109;P01;2013-10-17;Warszawa;Centrum;10
8;176;113;P05;2013-10-03;£ódŸ;Centrum;10
14;175;220;P02;2013-08-17;Wroc³aw;Zachód;8
2;157;78;P03;2013-09-12;Rzeszów;Po³udnie;9
9;168;99;P03;2013-10-07;Rzeszów;Po³udnie;10
4;49;31;P03;2013-10-25;Rzeszów;Po³udnie;10
12;58;208;P02;2013-08-07;Wroc³aw;Zachód;8
6;166;183;P01;2013-08-05;Warszawa;Centrum;8
15;19;164;P01;2013-09-14;Warszawa;Centrum;9
11;141;26;P05;2013-09-06;£ódŸ;Centrum;9
1;76;188;P01;2013-10-27;Warszawa;Centrum;10
5;83;54;P04;2013-08-20;Warszawa;Centrum;8
9;83;26;P02;2013-09-01;Wroc³aw;Zachód;9
9;13;28;P03;2013-10-14;Rzeszów;Po³udnie;10
14;74;177;P02;2013-09-12;Wroc³aw;Zachód;9
12;109;131;P05;2013-10-05;£ódŸ;Centrum;10
12;59;123;P04;2013-08-19;Warszawa;Centrum;8
4;8;100;P02;2013-09-16;Wroc³aw;Zachód;9
11;175;139;P03;2013-09-01;Rzeszów;Po³udnie;9
6;94;151;P02;2013-09-09;Wroc³aw;Zachód;9
15;145;162;P04;2013-09-12;Warszawa;Centrum;9
5;161;225;P04;2013-08-15;Warszawa;Centrum;8
2;46;129;P05;2013-10-01;£ódŸ;Centrum;10
6;149;118;P02;2013-08-12;Wroc³aw;Zachód;8
11;132;197;P05;2013-10-18;£ódŸ;Centrum;10
3;4;178;P01;2013-10-03;Warszawa;Centrum;10
1;50;225;P01;2013-08-22;Warszawa;Centrum;8
11;149;155;P04;2013-08-30;Warszawa;Centrum;8
13;143;22;P04;2013-09-11;Warszawa;Centrum;9
1;68;112;P04;2013-08-24;Warszawa;Centrum;8
4;130;120;P03;2013-10-08;Rzeszów;Po³udnie;10
7;98;81;P04;2013-09-12;Warszawa;Centrum;9
2;3;70;P02;2013-09-24;Wroc³aw;Zachód;9
6;48;191;P03;2013-10-02;Rzeszów;Po³udnie;10
3;65;177;P02;2013-10-10;Wroc³aw;Zachód;10
10;136;56;P01;2013-09-02;Warszawa;Centrum;9
6;45;34;P04;2013-10-23;Warszawa;Centrum;10
15;27;118;P02;2013-08-28;Wroc³aw;Zachód;8
5;130;20;P02;2013-09-15;Wroc³aw;Zachód;9
7;82;136;P05;2013-08-18;£ódŸ;Centrum;8
3;157;86;P05;2013-08-10;£ódŸ;Centrum;8
11;74;154;P03;2013-09-24;Rzeszów;Po³udnie;9
7;141;175;P03;2013-09-13;Rzeszów;Po³udnie;9
8;55;91;P03;2013-08-08;Rzeszów;Po³udnie;8
8;139;78;P04;2013-10-28;Warszawa;Centrum;10
12;112;45;P03;2013-08-20;Rzeszów;Po³udnie;8
9;70;56;P02;2013-09-03;Wroc³aw;Zachód;9
4;94;54;P04;2013-10-05;Warszawa;Centrum;10
5;98;224;P01;2013-10-29;Warszawa;Centrum;10
4;74;191;P03;2013-09-12;Rzeszów;Po³udnie;9
15;123;71;P04;2013-08-05;Warszawa;Centrum;8
10;171;119;P03;2013-10-25;Rzeszów;Po³udnie;10
10;5;156;P03;2013-10-04;Rzeszów;Po³udnie;10
15;68;68;P02;2013-09-18;Wroc³aw;Zachód;9
15;22;53;P04;2013-10-28;Warszawa;Centrum;10
10;134;90;P05;2013-08-19;£ódŸ;Centrum;8
4;140;129;P03;2013-10-17;Rzeszów;Po³udnie;10
10;64;95;P01;2013-10-23;Warszawa;Centrum;10
5;57;185;P03;2013-09-19;Rzeszów;Po³udnie;9
10;39;131;P03;2013-10-08;Rzeszów;Po³udnie;10
11;38;173;P03;2013-10-27;Rzeszów;Po³udnie;10
7;44;40;P04;2013-09-02;Warszawa;Centrum;9
6;43;21;P03;2013-10-22;Rzeszów;Po³udnie;10
8;8;133;P02;2013-08-14;Wroc³aw;Zachód;8
9;35;188;P05;2013-08-26;£ódŸ;Centrum;8
10;30;48;P01;2013-08-06;Warszawa;Centrum;8
7;105;203;P03;2013-08-14;Rzeszów;Po³udnie;8
4;173;86;P01;2013-10-20;Warszawa;Centrum;10
13;105;57;P01;2013-10-26;Warszawa;Centrum;10
12;148;195;P04;2013-08-24;Warszawa;Centrum;8
3;99;121;P03;2013-10-20;Rzeszów;Po³udnie;10
8;37;220;P03;2013-10-06;Rzeszów;Po³udnie;10
14;49;80;P02;2013-10-29;Wroc³aw;Zachód;10
6;55;178;P02;2013-08-30;Wroc³aw;Zachód;8
6;118;32;P04;2013-08-08;Warszawa;Centrum;8
15;64;221;P01;2013-10-25;Warszawa;Centrum;10
10;10;206;P04;2013-08-11;Warszawa;Centrum;8
11;55;129;P01;2013-09-10;Warszawa;Centrum;9
15;32;53;P03;2013-09-10;Rzeszów;Po³udnie;9
4;94;37;P01;2013-08-23;Warszawa;Centrum;8
11;121;156;P03;2013-09-19;Rzeszów;Po³udnie;9
7;24;82;P01;2013-10-13;Warszawa;Centrum;10
5;151;21;P04;2013-09-18;Warszawa;Centrum;9
5;171;177;P03;2013-09-13;Rzeszów;Po³udnie;9
3;146;181;P03;2013-08-21;Rzeszów;Po³udnie;8
8;42;30;P01;2013-08-21;Warszawa;Centrum;8
6;41;200;P05;2013-08-16;£ódŸ;Centrum;8
14;163;32;P05;2013-09-21;£ódŸ;Centrum;9
6;68;32;P03;2013-08-19;Rzeszów;Po³udnie;8
15;154;165;P04;2013-09-08;Warszawa;Centrum;9
11;124;208;P04;2013-08-15;Warszawa;Centrum;8
9;24;191;P01;2013-08-18;Warszawa;Centrum;8
8;95;62;P04;2013-08-17;Warszawa;Centrum;8
15;139;198;P04;2013-08-28;Warszawa;Centrum;8
13;15;70;P04;2013-08-14;Warszawa;Centrum;8
3;122;208;P02;2013-10-30;Wroc³aw;Zachód;10
9;75;57;P02;2013-09-14;Wroc³aw;Zachód;9
10;124;80;P04;2013-10-29;Warszawa;Centrum;10
3;60;126;P04;2013-09-19;Warszawa;Centrum;9
3;174;101;P05;2013-08-13;£ódŸ;Centrum;8
1;24;49;P02;2013-10-08;Wroc³aw;Zachód;10
7;159;213;P04;2013-08-08;Warszawa;Centrum;8
15;121;81;P01;2013-10-03;Warszawa;Centrum;10
9;17;150;P01;2013-09-21;Warszawa;Centrum;9
14;13;20;P01;2013-09-23;Warszawa;Centrum;9
7;94;184;P01;2013-09-21;Warszawa;Centrum;9
2;162;88;P03;2013-10-06;Rzeszów;Po³udnie;10
3;83;59;P02;2013-10-22;Wroc³aw;Zachód;10
1;174;73;P04;2013-08-02;Warszawa;Centrum;8
12;94;29;P01;2013-08-22;Warszawa;Centrum;8
5;64;173;P03;2013-09-15;Rzeszów;Po³udnie;9
1;157;109;P03;2013-09-25;Rzeszów;Po³udnie;9
8;20;170;P02;2013-08-07;Wroc³aw;Zachód;8
15;90;154;P01;2013-08-28;Warszawa;Centrum;8
3;36;60;P02;2013-10-17;Wroc³aw;Zachód;10
12;165;49;P01;2013-08-14;Warszawa;Centrum;8
10;23;37;P05;2013-09-14;£ódŸ;Centrum;9
2;115;181;P01;2013-08-04;Warszawa;Centrum;8
8;38;41;P04;2013-10-09;Warszawa;Centrum;10
11;63;136;P03;2013-09-15;Rzeszów;Po³udnie;9
15;62;209;P03;2013-08-23;Rzeszów;Po³udnie;8
3;59;117;P03;2013-09-05;Rzeszów;Po³udnie;9
13;139;53;P01;2013-09-30;Warszawa;Centrum;9
14;75;187;P02;2013-09-28;Wroc³aw;Zachód;9
9;29;87;P05;2013-08-16;£ódŸ;Centrum;8
13;125;224;P01;2013-09-06;Warszawa;Centrum;9
12;103;74;P05;2013-09-30;£ódŸ;Centrum;9
15;70;97;P04;2013-08-21;Warszawa;Centrum;8
2;43;111;P03;2013-10-07;Rzeszów;Po³udnie;10
5;161;201;P02;2013-08-15;Wroc³aw;Zachód;8
1;67;122;P04;2013-10-26;Warszawa;Centrum;10
8;15;128;P02;2013-08-08;Wroc³aw;Zachód;8
6;20;126;P05;2013-08-27;£ódŸ;Centrum;8
12;152;197;P01;2013-08-04;Warszawa;Centrum;8
15;20;75;P02;2013-10-28;Wroc³aw;Zachód;10
2;135;216;P05;2013-08-10;£ódŸ;Centrum;8
15;103;155;P04;2013-08-29;Warszawa;Centrum;8
11;7;54;P05;2013-10-20;£ódŸ;Centrum;10
14;161;47;P04;2013-10-25;Warszawa;Centrum;10
2;158;46;P03;2013-10-02;Rzeszów;Po³udnie;10
14;5;161;P01;2013-10-16;Warszawa;Centrum;10
5;163;31;P04;2013-08-26;Warszawa;Centrum;8
8;113;131;P03;2013-08-20;Rzeszów;Po³udnie;8
5;85;137;P02;2013-08-25;Wroc³aw;Zachód;8
3;132;202;P01;2013-09-17;Warszawa;Centrum;9
4;179;136;P01;2013-10-16;Warszawa;Centrum;10
10;13;114;P02;2013-08-14;Wroc³aw;Zachód;8
13;54;20;P05;2013-10-17;£ódŸ;Centrum;10
9;61;164;P02;2013-10-14;Wroc³aw;Zachód;10
13;141;223;P05;2013-10-28;£ódŸ;Centrum;10
10;110;103;P05;2013-09-27;£ódŸ;Centrum;9
3;3;209;P05;2013-10-06;£ódŸ;Centrum;10
11;91;89;P01;2013-09-26;Warszawa;Centrum;9
15;149;216;P03;2013-10-30;Rzeszów;Po³udnie;10
1;173;64;P04;2013-10-15;Warszawa;Centrum;10
7;29;66;P02;2013-09-19;Wroc³aw;Zachód;9
6;130;210;P04;2013-08-30;Warszawa;Centrum;8
2;164;214;P04;2013-08-23;Warszawa;Centrum;8
5;44;120;P04;2013-10-27;Warszawa;Centrum;10
3;151;63;P03;2013-09-12;Rzeszów;Po³udnie;9
14;1;37;P05;2013-10-06;£ódŸ;Centrum;10
12;93;120;P03;2013-08-05;Rzeszów;Po³udnie;8
10;27;124;P03;2013-08-06;Rzeszów;Po³udnie;8
11;122;128;P04;2013-10-09;Warszawa;Centrum;10
12;70;183;P05;2013-09-25;£ódŸ;Centrum;9
4;56;150;P05;2013-08-06;£ódŸ;Centrum;8
2;88;105;P05;2013-08-23;£ódŸ;Centrum;8
6;93;53;P03;2013-08-01;Rzeszów;Po³udnie;8
8;111;110;P01;2013-08-01;Warszawa;Centrum;8
5;84;183;P04;2013-10-05;Warszawa;Centrum;10
7;1;158;P01;2013-09-22;Warszawa;Centrum;9
1;147;116;P03;2013-09-15;Rzeszów;Po³udnie;9
4;164;74;P02;2013-08-06;Wroc³aw;Zachód;8
8;48;23;P03;2013-09-22;Rzeszów;Po³udnie;9
7;26;130;P03;2013-08-14;Rzeszów;Po³udnie;8
11;176;141;P02;2013-09-27;Wroc³aw;Zachód;9
14;36;155;P03;2013-08-24;Rzeszów;Po³udnie;8
11;106;59;P04;2013-08-08;Warszawa;Centrum;8
5;135;86;P01;2013-09-05;Warszawa;Centrum;9
6;62;207;P05;2013-08-15;£ódŸ;Centrum;8
11;121;218;P04;2013-08-12;Warszawa;Centrum;8
3;100;105;P02;2013-10-28;Wroc³aw;Zachód;10
14;132;44;P01;2013-09-29;Warszawa;Centrum;9
1;135;42;P03;2013-10-29;Rzeszów;Po³udnie;10
7;83;107;P01;2013-10-24;Warszawa;Centrum;10
10;87;46;P01;2013-09-05;Warszawa;Centrum;9
10;2;72;P04;2013-09-21;Warszawa;Centrum;9
7;175;170;P02;2013-10-16;Wroc³aw;Zachód;10
8;91;154;P05;2013-08-23;£ódŸ;Centrum;8
9;55;46;P01;2013-10-01;Warszawa;Centrum;10
15;95;182;P05;2013-09-17;£ódŸ;Centrum;9
10;10;105;P04;2013-08-20;Warszawa;Centrum;8
3;137;133;P03;2013-08-28;Rzeszów;Po³udnie;8
6;46;213;P05;2013-10-01;£ódŸ;Centrum;10
6;36;201;P01;2013-10-18;Warszawa;Centrum;10
2;23;225;P01;2013-10-04;Warszawa;Centrum;10
8;170;45;P03;2013-10-28;Rzeszów;Po³udnie;10
8;68;130;P03;2013-08-19;Rzeszów;Po³udnie;8
6;44;144;P01;2013-09-22;Warszawa;Centrum;9
4;90;169;P05;2013-09-12;£ódŸ;Centrum;9
2;146;158;P04;2013-10-27;Warszawa;Centrum;10
11;124;48;P04;2013-08-04;Warszawa;Centrum;8
9;158;28;P05;2013-09-23;£ódŸ;Centrum;9
7;112;44;P05;2013-09-17;£ódŸ;Centrum;9
3;8;168;P03;2013-10-30;Rzeszów;Po³udnie;10
15;92;152;P04;2013-10-09;Warszawa;Centrum;10
5;36;177;P03;2013-09-22;Rzeszów;Po³udnie;9
4;12;150;P04;2013-10-13;Warszawa;Centrum;10
12;12;172;P01;2013-10-15;Warszawa;Centrum;10
4;33;78;P02;2013-08-13;Wroc³aw;Zachód;8
4;177;90;P04;2013-10-07;Warszawa;Centrum;10
12;112;101;P01;2013-09-26;Warszawa;Centrum;9
9;179;211;P04;2013-10-27;Warszawa;Centrum;10
9;125;103;P01;2013-08-01;Warszawa;Centrum;8
5;158;139;P03;2013-08-28;Rzeszów;Po³udnie;8
15;46;185;P04;2013-08-14;Warszawa;Centrum;8
5;141;55;P01;2013-08-13;Warszawa;Centrum;8
5;81;25;P05;2013-10-04;£ódŸ;Centrum;10
12;151;132;P01;2013-10-10;Warszawa;Centrum;10
13;165;59;P03;2013-10-25;Rzeszów;Po³udnie;10
4;169;119;P03;2013-10-07;Rzeszów;Po³udnie;10
9;75;58;P03;2013-09-15;Rzeszów;Po³udnie;9
11;146;170;P02;2013-08-08;Wroc³aw;Zachód;8
13;72;188;P04;2013-10-22;Warszawa;Centrum;10
12;85;40;P02;2013-10-07;Wroc³aw;Zachód;10
6;60;23;P02;2013-08-11;Wroc³aw;Zachód;8
4;86;70;P01;2013-09-12;Warszawa;Centrum;9
15;24;130;P04;2013-08-24;Warszawa;Centrum;8
14;93;75;P04;2013-10-25;Warszawa;Centrum;10
10;15;216;P05;2013-10-08;£ódŸ;Centrum;10
9;130;27;P01;2013-08-30;Warszawa;Centrum;8
14;45;223;P02;2013-10-11;Wroc³aw;Zachód;10
14;124;126;P05;2013-09-29;£ódŸ;Centrum;9
12;31;117;P04;2013-10-05;Warszawa;Centrum;10
14;145;22;P02;2013-08-07;Wroc³aw;Zachód;8
13;166;58;P02;2013-08-10;Wroc³aw;Zachód;8
15;157;84;P04;2013-08-09;Warszawa;Centrum;8
14;114;156;P02;2013-10-19;Wroc³aw;Zachód;10
15;29;68;P05;2013-08-06;£ódŸ;Centrum;8
4;160;203;P04;2013-10-09;Warszawa;Centrum;10
13;103;43;P04;2013-08-12;Warszawa;Centrum;8
3;127;205;P01;2013-08-11;Warszawa;Centrum;8
8;107;169;P02;2013-08-18;Wroc³aw;Zachód;8
12;74;82;P03;2013-09-27;Rzeszów;Po³udnie;9
8;156;49;P04;2013-08-26;Warszawa;Centrum;8
6;177;138;P01;2013-10-14;Warszawa;Centrum;10
13;67;27;P03;2013-10-16;Rzeszów;Po³udnie;10
12;36;84;P04;2013-08-10;Warszawa;Centrum;8
13;46;225;P05;2013-10-08;£ódŸ;Centrum;10
7;68;27;P03;2013-08-12;Rzeszów;Po³udnie;8
9;131;21;P03;2013-10-09;Rzeszów;Po³udnie;10
4;167;112;P02;2013-09-06;Wroc³aw;Zachód;9
15;48;27;P05;2013-10-19;£ódŸ;Centrum;10
14;136;83;P02;2013-10-20;Wroc³aw;Zachód;10
9;145;24;P02;2013-09-09;Wroc³aw;Zachód;9
12;84;208;P03;2013-09-16;Rzeszów;Po³udnie;9
14;23;137;P04;2013-09-12;Warszawa;Centrum;9
6;7;179;P01;2013-08-18;Warszawa;Centrum;8
12;176;187;P04;2013-08-11;Warszawa;Centrum;8
9;26;167;P01;2013-09-19;Warszawa;Centrum;9
8;122;121;P03;2013-10-06;Rzeszów;Po³udnie;10
11;28;177;P03;2013-08-29;Rzeszów;Po³udnie;8
5;25;137;P02;2013-09-19;Wroc³aw;Zachód;9
5;33;172;P04;2013-09-11;Warszawa;Centrum;9
14;179;131;P04;2013-10-26;Warszawa;Centrum;10
14;96;201;P03;2013-09-08;Rzeszów;Po³udnie;9
6;151;61;P01;2013-10-08;Warszawa;Centrum;10
1;3;179;P02;2013-10-05;Wroc³aw;Zachód;10
6;128;142;P05;2013-08-22;£ódŸ;Centrum;8
10;127;130;P02;2013-08-28;Wroc³aw;Zachód;8
5;15;54;P04;2013-08-28;Warszawa;Centrum;8
15;157;89;P02;2013-09-04;Wroc³aw;Zachód;9
13;132;204;P04;2013-09-15;Warszawa;Centrum;9
6;24;29;P02;2013-09-26;Wroc³aw;Zachód;9
10;157;134;P05;2013-10-30;£ódŸ;Centrum;10
4;154;164;P03;2013-09-25;Rzeszów;Po³udnie;9
11;112;52;P04;2013-08-12;Warszawa;Centrum;8
6;50;156;P05;2013-08-30;£ódŸ;Centrum;8
13;114;74;P02;2013-10-25;Wroc³aw;Zachód;10
15;156;120;P01;2013-10-24;Warszawa;Centrum;10
14;86;65;P05;2013-09-02;£ódŸ;Centrum;9
7;147;37;P01;2013-10-04;Warszawa;Centrum;10
6;61;171;P03;2013-08-04;Rzeszów;Po³udnie;8
4;24;46;P02;2013-10-12;Wroc³aw;Zachód;10
6;65;116;P03;2013-08-17;Rzeszów;Po³udnie;8
4;100;133;P05;2013-10-25;£ódŸ;Centrum;10
4;51;185;P04;2013-10-26;Warszawa;Centrum;10
4;29;50;P05;2013-08-13;£ódŸ;Centrum;8
1;179;219;P02;2013-10-14;Wroc³aw;Zachód;10
4;152;210;P04;2013-09-12;Warszawa;Centrum;9
9;122;182;P01;2013-10-05;Warszawa;Centrum;10
3;35;135;P01;2013-08-14;Warszawa;Centrum;8
9;87;115;P05;2013-09-10;£ódŸ;Centrum;9
10;30;209;P02;2013-08-30;Wroc³aw;Zachód;8
13;131;173;P02;2013-10-01;Wroc³aw;Zachód;10
6;137;155;P01;2013-10-01;Warszawa;Centrum;10
12;16;112;P03;2013-10-02;Rzeszów;Po³udnie;10
6;56;203;P03;2013-09-28;Rzeszów;Po³udnie;9
11;169;25;P02;2013-10-24;Wroc³aw;Zachód;10
12;10;80;P05;2013-08-22;£ódŸ;Centrum;8
15;21;56;P04;2013-10-01;Warszawa;Centrum;10
13;4;224;P03;2013-08-31;Rzeszów;Po³udnie;8
3;123;166;P05;2013-10-13;£ódŸ;Centrum;10
12;91;75;P03;2013-08-21;Rzeszów;Po³udnie;8
3;16;211;P04;2013-09-15;Warszawa;Centrum;9
11;139;87;P03;2013-09-01;Rzeszów;Po³udnie;9
11;144;33;P05;2013-10-13;£ódŸ;Centrum;10
14;112;108;P04;2013-08-18;Warszawa;Centrum;8
12;179;95;P05;2013-09-22;£ódŸ;Centrum;9
5;35;87;P03;2013-08-29;Rzeszów;Po³udnie;8
8;139;170;P03;2013-08-09;Rzeszów;Po³udnie;8
4;74;70;P01;2013-08-27;Warszawa;Centrum;8
11;144;198;P05;2013-09-29;£ódŸ;Centrum;9
2;79;196;P05;2013-09-29;£ódŸ;Centrum;9
7;138;188;P05;2013-08-20;£ódŸ;Centrum;8
1;79;145;P01;2013-10-20;Warszawa;Centrum;10
15;12;77;P02;2013-09-30;Wroc³aw;Zachód;9
13;69;92;P02;2013-09-18;Wroc³aw;Zachód;9
3;132;89;P04;2013-10-19;Warszawa;Centrum;10
9;14;76;P02;2013-10-08;Wroc³aw;Zachód;10
3;68;41;P04;2013-08-16;Warszawa;Centrum;8
11;164;140;P04;2013-10-02;Warszawa;Centrum;10
10;152;123;P03;2013-10-26;Rzeszów;Po³udnie;10
14;54;122;P01;2013-10-04;Warszawa;Centrum;10
2;37;157;P02;2013-09-09;Wroc³aw;Zachód;9
15;42;102;P04;2013-08-05;Warszawa;Centrum;8
6;41;78;P02;2013-08-02;Wroc³aw;Zachód;8
9;116;72;P05;2013-08-31;£ódŸ;Centrum;8
8;55;196;P03;2013-08-09;Rzeszów;Po³udnie;8
6;130;160;P05;2013-08-15;£ódŸ;Centrum;8
10;115;30;P05;2013-09-17;£ódŸ;Centrum;9
5;42;43;P05;2013-09-28;£ódŸ;Centrum;9
6;149;182;P05;2013-08-03;£ódŸ;Centrum;8
14;101;134;P02;2013-09-04;Wroc³aw;Zachód;9
8;102;218;P01;2013-09-28;Warszawa;Centrum;9
11;7;131;P05;2013-09-25;£ódŸ;Centrum;9
7;158;224;P04;2013-10-08;Warszawa;Centrum;10
10;162;26;P05;2013-09-14;£ódŸ;Centrum;9
12;108;81;P04;2013-10-29;Warszawa;Centrum;10
8;37;192;P01;2013-09-14;Warszawa;Centrum;9
2;111;69;P02;2013-10-27;Wroc³aw;Zachód;10
12;82;49;P02;2013-08-09;Wroc³aw;Zachód;8
13;85;33;P04;2013-08-22;Warszawa;Centrum;8
1;171;139;P03;2013-10-17;Rzeszów;Po³udnie;10
2;73;39;P02;2013-08-04;Wroc³aw;Zachód;8
7;165;192;P02;2013-10-16;Wroc³aw;Zachód;10
1;50;197;P01;2013-10-07;Warszawa;Centrum;10
1;5;118;P04;2013-09-30;Warszawa;Centrum;9
9;162;163;P03;2013-09-13;Rzeszów;Po³udnie;9
13;147;61;P02;2013-10-06;Wroc³aw;Zachód;10
13;46;57;P03;2013-10-04;Rzeszów;Po³udnie;10
9;31;218;P05;2013-09-01;£ódŸ;Centrum;9
6;125;173;P05;2013-10-01;£ódŸ;Centrum;10
1;87;23;P03;2013-09-08;Rzeszów;Po³udnie;9
3;139;64;P04;2013-10-28;Warszawa;Centrum;10
10;125;169;P03;2013-09-06;Rzeszów;Po³udnie;9
6;34;112;P01;2013-08-17;Warszawa;Centrum;8
15;75;186;P02;2013-10-17;Wroc³aw;Zachód;10
14;29;108;P02;2013-09-07;Wroc³aw;Zachód;9
3;131;211;P05;2013-09-14;£ódŸ;Centrum;9
8;137;169;P02;2013-10-27;Wroc³aw;Zachód;10
9;67;121;P05;2013-10-04;£ódŸ;Centrum;10
6;91;34;P01;2013-10-14;Warszawa;Centrum;10
5;153;202;P03;2013-10-03;Rzeszów;Po³udnie;10
11;163;186;P02;2013-10-09;Wroc³aw;Zachód;10
8;133;212;P03;2013-10-01;Rzeszów;Po³udnie;10
8;122;193;P05;2013-08-02;£ódŸ;Centrum;8
4;115;153;P05;2013-10-06;£ódŸ;Centrum;10
14;113;72;P03;2013-09-17;Rzeszów;Po³udnie;9
9;35;84;P03;2013-09-21;Rzeszów;Po³udnie;9
3;17;42;P05;2013-08-17;£ódŸ;Centrum;8
1;71;35;P02;2013-08-20;Wroc³aw;Zachód;8
6;72;117;P02;2013-10-24;Wroc³aw;Zachód;10
8;102;129;P03;2013-10-19;Rzeszów;Po³udnie;10
7;107;80;P04;2013-10-29;Warszawa;Centrum;10
6;149;66;P05;2013-09-21;£ódŸ;Centrum;9
4;100;223;P03;2013-09-27;Rzeszów;Po³udnie;9
12;114;117;P04;2013-08-25;Warszawa;Centrum;8
15;92;63;P02;2013-10-01;Wroc³aw;Zachód;10
14;54;65;P03;2013-09-18;Rzeszów;Po³udnie;9
5;14;206;P04;2013-09-02;Warszawa;Centrum;9
5;28;163;P03;2013-10-10;Rzeszów;Po³udnie;10
4;115;93;P02;2013-09-29;Wroc³aw;Zachód;9
1;57;185;P04;2013-08-28;Warszawa;Centrum;8
1;30;89;P02;2013-09-12;Wroc³aw;Zachód;9
7;125;212;P02;2013-09-12;Wroc³aw;Zachód;9
15;117;218;P04;2013-10-24;Warszawa;Centrum;10
15;90;161;P03;2013-09-03;Rzeszów;Po³udnie;9
13;117;176;P05;2013-10-12;£ódŸ;Centrum;10
12;169;190;P03;2013-08-10;Rzeszów;Po³udnie;8
11;39;74;P05;2013-09-16;£ódŸ;Centrum;9
10;10;111;P03;2013-09-06;Rzeszów;Po³udnie;9
14;118;76;P01;2013-09-15;Warszawa;Centrum;9
6;163;217;P01;2013-10-23;Warszawa;Centrum;10
7;154;41;P02;2013-09-05;Wroc³aw;Zachód;9
12;156;128;P03;2013-09-02;Rzeszów;Po³udnie;9
15;54;22;P03;2013-10-25;Rzeszów;Po³udnie;10
2;99;177;P04;2013-08-26;Warszawa;Centrum;8
2;111;131;P01;2013-08-07;Warszawa;Centrum;8
8;8;64;P03;2013-10-28;Rzeszów;Po³udnie;10
10;34;149;P02;2013-10-15;Wroc³aw;Zachód;10
12;31;155;P01;2013-09-13;Warszawa;Centrum;9
3;93;47;P04;2013-08-22;Warszawa;Centrum;8
13;116;87;P05;2013-09-06;£ódŸ;Centrum;9
15;170;126;P02;2013-10-10;Wroc³aw;Zachód;10
5;84;119;P01;2013-10-25;Warszawa;Centrum;10
8;168;61;P04;2013-08-02;Warszawa;Centrum;8
6;146;179;P05;2013-10-14;£ódŸ;Centrum;10
13;129;99;P02;2013-09-14;Wroc³aw;Zachód;9
15;97;140;P04;2013-10-02;Warszawa;Centrum;10
9;2;147;P05;2013-09-08;£ódŸ;Centrum;9
15;111;179;P03;2013-09-23;Rzeszów;Po³udnie;9
14;43;211;P01;2013-09-25;Warszawa;Centrum;9
13;20;22;P02;2013-10-11;Wroc³aw;Zachód;10
12;104;98;P01;2013-09-25;Warszawa;Centrum;9
6;37;44;P01;2013-09-21;Warszawa;Centrum;9
12;175;95;P02;2013-09-13;Wroc³aw;Zachód;9
7;10;180;P03;2013-09-26;Rzeszów;Po³udnie;9
7;99;222;P03;2013-09-25;Rzeszów;Po³udnie;9
14;49;48;P03;2013-08-26;Rzeszów;Po³udnie;8
1;88;71;P05;2013-10-11;£ódŸ;Centrum;10
3;3;209;P04;2013-09-27;Warszawa;Centrum;9
4;137;82;P01;2013-08-30;Warszawa;Centrum;8
9;145;79;P05;2013-10-18;£ódŸ;Centrum;10
3;70;120;P01;2013-08-19;Warszawa;Centrum;8
10;48;174;P03;2013-10-29;Rzeszów;Po³udnie;10
4;163;200;P01;2013-09-15;Warszawa;Centrum;9
13;166;174;P01;2013-09-02;Warszawa;Centrum;9
11;77;23;P03;2013-10-03;Rzeszów;Po³udnie;10
10;171;181;P02;2013-08-19;Wroc³aw;Zachód;8
1;99;206;P01;2013-08-26;Warszawa;Centrum;8
1;118;122;P02;2013-08-30;Wroc³aw;Zachód;8
13;94;153;P04;2013-10-12;Warszawa;Centrum;10
13;91;57;P03;2013-10-18;Rzeszów;Po³udnie;10
14;44;154;P03;2013-10-26;Rzeszów;Po³udnie;10
3;90;222;P01;2013-08-01;Warszawa;Centrum;8
4;95;115;P01;2013-10-21;Warszawa;Centrum;10
2;149;212;P01;2013-08-18;Warszawa;Centrum;8
11;124;190;P01;2013-08-25;Warszawa;Centrum;8
8;33;179;P05;2013-10-17;£ódŸ;Centrum;10
11;5;66;P02;2013-08-20;Wroc³aw;Zachód;8
5;129;114;P03;2013-08-15;Rzeszów;Po³udnie;8
14;135;137;P03;2013-09-29;Rzeszów;Po³udnie;9
1;68;185;P05;2013-09-08;£ódŸ;Centrum;9
11;72;141;P05;2013-10-30;£ódŸ;Centrum;10
3;93;44;P05;2013-08-19;£ódŸ;Centrum;8
10;62;192;P01;2013-08-13;Warszawa;Centrum;8
3;95;178;P05;2013-09-07;£ódŸ;Centrum;9
6;111;50;P03;2013-10-27;Rzeszów;Po³udnie;10
1;15;150;P03;2013-08-02;Rzeszów;Po³udnie;8
9;66;151;P05;2013-10-05;£ódŸ;Centrum;10
6;173;36;P01;2013-09-01;Warszawa;Centrum;9
12;125;155;P04;2013-09-13;Warszawa;Centrum;9
8;164;23;P03;2013-08-16;Rzeszów;Po³udnie;8
7;85;105;P01;2013-08-20;Warszawa;Centrum;8
5;131;24;P02;2013-08-10;Wroc³aw;Zachód;8
6;87;189;P05;2013-09-12;£ódŸ;Centrum;9
2;167;221;P01;2013-10-03;Warszawa;Centrum;10
5;92;151;P02;2013-08-27;Wroc³aw;Zachód;8
7;144;133;P01;2013-08-06;Warszawa;Centrum;8
5;123;27;P02;2013-08-21;Wroc³aw;Zachód;8
7;128;178;P05;2013-10-29;£ódŸ;Centrum;10
15;90;204;P01;2013-10-01;Warszawa;Centrum;10
1;172;106;P02;2013-10-19;Wroc³aw;Zachód;10
6;149;42;P03;2013-10-16;Rzeszów;Po³udnie;10
7;15;100;P03;2013-09-30;Rzeszów;Po³udnie;9
3;172;131;P05;2013-09-04;£ódŸ;Centrum;9
2;179;160;P05;2013-10-11;£ódŸ;Centrum;10
3;35;133;P03;2013-10-08;Rzeszów;Po³udnie;10
6;19;185;P04;2013-10-01;Warszawa;Centrum;10
8;72;195;P04;2013-09-26;Warszawa;Centrum;9
3;61;26;P05;2013-09-10;£ódŸ;Centrum;9
4;134;77;P02;2013-10-19;Wroc³aw;Zachód;10
6;120;131;P01;2013-09-03;Warszawa;Centrum;9
5;37;48;P05;2013-10-20;£ódŸ;Centrum;10
7;165;186;P04;2013-09-24;Warszawa;Centrum;9
13;122;48;P05;2013-08-04;£ódŸ;Centrum;8
2;137;214;P03;2013-08-25;Rzeszów;Po³udnie;8
12;147;67;P04;2013-08-24;Warszawa;Centrum;8
1;28;83;P05;2013-08-15;£ódŸ;Centrum;8
11;85;100;P05;2013-08-27;£ódŸ;Centrum;8
1;148;133;P02;2013-10-05;Wroc³aw;Zachód;10
4;176;108;P02;2013-09-02;Wroc³aw;Zachód;9
6;21;223;P02;2013-09-03;Wroc³aw;Zachód;9
1;118;71;P02;2013-10-25;Wroc³aw;Zachód;10
12;128;31;P03;2013-10-14;Rzeszów;Po³udnie;10
1;86;146;P04;2013-09-02;Warszawa;Centrum;9
5;173;126;P02;2013-08-21;Wroc³aw;Zachód;8
11;28;213;P05;2013-08-22;£ódŸ;Centrum;8
7;94;116;P04;2013-09-23;Warszawa;Centrum;9
1;20;134;P02;2013-09-26;Wroc³aw;Zachód;9
8;43;158;P05;2013-09-10;£ódŸ;Centrum;9
14;120;221;P05;2013-09-19;£ódŸ;Centrum;9
1;14;42;P01;2013-10-20;Warszawa;Centrum;10
11;145;101;P03;2013-08-01;Rzeszów;Po³udnie;8
4;57;168;P05;2013-08-09;£ódŸ;Centrum;8
15;142;199;P03;2013-10-02;Rzeszów;Po³udnie;10
10;150;45;P03;2013-08-19;Rzeszów;Po³udnie;8
5;122;165;P02;2013-10-15;Wroc³aw;Zachód;10
2;133;102;P04;2013-08-25;Warszawa;Centrum;8
13;168;90;P01;2013-08-17;Warszawa;Centrum;8
4;14;143;P04;2013-08-21;Warszawa;Centrum;8
5;139;161;P02;2013-08-17;Wroc³aw;Zachód;8
14;92;22;P04;2013-09-17;Warszawa;Centrum;9
1;38;186;P02;2013-09-22;Wroc³aw;Zachód;9
14;142;41;P05;2013-09-12;£ódŸ;Centrum;9
13;179;62;P03;2013-09-01;Rzeszów;Po³udnie;9
10;50;208;P03;2013-08-10;Rzeszów;Po³udnie;8
12;121;114;P03;2013-09-07;Rzeszów;Po³udnie;9
9;75;42;P05;2013-09-28;£ódŸ;Centrum;9
11;57;124;P03;2013-10-19;Rzeszów;Po³udnie;10
8;169;100;P03;2013-10-16;Rzeszów;Po³udnie;10
13;11;68;P02;2013-08-04;Wroc³aw;Zachód;8
4;129;218;P05;2013-10-17;£ódŸ;Centrum;10
5;111;35;P02;2013-09-09;Wroc³aw;Zachód;9
14;40;103;P03;2013-10-06;Rzeszów;Po³udnie;10
11;178;113;P01;2013-10-28;Warszawa;Centrum;10
7;4;204;P04;2013-08-18;Warszawa;Centrum;8
11;4;165;P01;2013-09-15;Warszawa;Centrum;9
6;51;197;P02;2013-10-15;Wroc³aw;Zachód;10
7;40;140;P03;2013-09-21;Rzeszów;Po³udnie;9
12;173;58;P01;2013-09-09;Warszawa;Centrum;9
12;178;81;P02;2013-10-17;Wroc³aw;Zachód;10
8;12;219;P01;2013-10-22;Warszawa;Centrum;10
15;9;37;P05;2013-10-26;£ódŸ;Centrum;10
12;21;130;P02;2013-09-22;Wroc³aw;Zachód;9
15;78;153;P03;2013-10-17;Rzeszów;Po³udnie;10
10;171;38;P05;2013-10-19;£ódŸ;Centrum;10
5;46;98;P01;2013-10-21;Warszawa;Centrum;10
4;111;186;P03;2013-10-16;Rzeszów;Po³udnie;10
6;51;27;P04;2013-10-21;Warszawa;Centrum;10
12;123;172;P03;2013-10-01;Rzeszów;Po³udnie;10
4;159;194;P01;2013-08-02;Warszawa;Centrum;8
9;127;145;P04;2013-09-13;Warszawa;Centrum;9
5;65;191;P01;2013-09-06;Warszawa;Centrum;9
4;54;220;P05;2013-09-11;£ódŸ;Centrum;9
14;46;225;P03;2013-08-14;Rzeszów;Po³udnie;8
6;93;201;P04;2013-08-04;Warszawa;Centrum;8
11;165;126;P05;2013-10-05;£ódŸ;Centrum;10
13;22;127;P05;2013-09-02;£ódŸ;Centrum;9
14;30;167;P05;2013-10-22;£ódŸ;Centrum;10
13;149;35;P01;2013-09-03;Warszawa;Centrum;9
10;44;70;P03;2013-10-09;Rzeszów;Po³udnie;10
15;91;205;P03;2013-08-14;Rzeszów;Po³udnie;8
10;48;206;P02;2013-08-07;Wroc³aw;Zachód;8
12;130;103;P05;2013-08-21;£ódŸ;Centrum;8
14;41;177;P05;2013-10-20;£ódŸ;Centrum;10
4;53;132;P05;2013-10-16;£ódŸ;Centrum;10
14;176;28;P05;2013-09-12;£ódŸ;Centrum;9
6;169;194;P02;2013-09-26;Wroc³aw;Zachód;9
14;79;90;P03;2013-10-09;Rzeszów;Po³udnie;10
8;99;113;P02;2013-10-26;Wroc³aw;Zachód;10
7;163;163;P01;2013-08-15;Warszawa;Centrum;8
11;38;224;P04;2013-09-20;Warszawa;Centrum;9
11;127;21;P01;2013-10-01;Warszawa;Centrum;10
7;98;105;P02;2013-10-23;Wroc³aw;Zachód;10
4;67;78;P01;2013-08-01;Warszawa;Centrum;8
5;111;111;P02;2013-08-04;Wroc³aw;Zachód;8
11;53;24;P02;2013-10-19;Wroc³aw;Zachód;10
4;2;36;P05;2013-09-12;£ódŸ;Centrum;9
5;133;140;P04;2013-10-25;Warszawa;Centrum;10
12;120;210;P03;2013-10-18;Rzeszów;Po³udnie;10
15;170;196;P04;2013-08-17;Warszawa;Centrum;8
6;125;51;P02;2013-09-02;Wroc³aw;Zachód;9
4;59;63;P01;2013-09-12;Warszawa;Centrum;9
14;141;177;P01;2013-10-02;Warszawa;Centrum;10
5;25;163;P04;2013-08-18;Warszawa;Centrum;8
7;120;133;P05;2013-08-16;£ódŸ;Centrum;8
10;163;49;P04;2013-08-25;Warszawa;Centrum;8
9;143;97;P05;2013-08-21;£ódŸ;Centrum;8
15;148;200;P05;2013-10-12;£ódŸ;Centrum;10
11;135;170;P05;2013-09-12;£ódŸ;Centrum;9
5;122;166;P04;2013-10-03;Warszawa;Centrum;10
12;93;179;P03;2013-08-25;Rzeszów;Po³udnie;8
11;128;56;P05;2013-08-03;£ódŸ;Centrum;8
9;35;92;P02;2013-08-09;Wroc³aw;Zachód;8
4;163;51;P05;2013-09-12;£ódŸ;Centrum;9
8;75;85;P02;2013-08-11;Wroc³aw;Zachód;8
13;140;206;P04;2013-09-10;Warszawa;Centrum;9
4;166;203;P04;2013-10-26;Warszawa;Centrum;10
9;137;92;P04;2013-09-11;Warszawa;Centrum;9
15;21;159;P04;2013-08-26;Warszawa;Centrum;8
5;158;88;P04;2013-09-13;Warszawa;Centrum;9
10;175;183;P03;2013-09-24;Rzeszów;Po³udnie;9
4;135;141;P03;2013-08-09;Rzeszów;Po³udnie;8
