Imiê i nazwisko;Oddzia³;Region;czas rozmowy (bin);czas rozmowy;data rozmowy;kwota zakupu (bin);kwota zakupu;numer klienta;przedstawiciel
Pawe³ Panas;Rzeszów;Po³udnie;d³uugo;129;2013-09-19;Niewielki zakupy;64;6;P03
Pawe³ Panas;Rzeszów;Po³udnie;d³uugo;150;2013-10-07;Œrednie zakupy;128;12;P03
Krzysztof B¹k;Wroc³aw;Zachód;d³uugo;140;2013-10-04;Œrednie zakupy;172;12;P02
Krystyna Noczulska;£ódŸ;Centrum;d³uugo;175;2013-10-20;Œrednie zakupy;122;9;P05
Jan Kowalski;Warszawa;Centrum;krótko;11;2013-08-28;Du¿e zakupu;195;3;P01
Aleksandra Matulak;Warszawa;Centrum;œrednio;69;2013-09-07;Œrednie zakupy;154;7;P04
Krzysztof B¹k;Wroc³aw;Zachód;œrednio;101;2013-10-05;Du¿e zakupu;183;7;P02
Aleksandra Matulak;Warszawa;Centrum;d³uugo;135;2013-10-25;Œrednie zakupy;159;11;P04
Krystyna Noczulska;£ódŸ;Centrum;d³uugo;171;2013-08-26;Niewielki zakupy;69;9;P05
Jan Kowalski;Warszawa;Centrum;œrednio;97;2013-08-14;Du¿e zakupu;205;2;P01
Krystyna Noczulska;£ódŸ;Centrum;d³uugo;134;2013-09-25;Œrednie zakupy;164;5;P05
Krzysztof B¹k;Wroc³aw;Zachód;krótko;2;2013-08-29;Niewielki zakupy;64;5;P02
Jan Kowalski;Warszawa;Centrum;krótko;39;2013-08-04;Niewielki zakupy;47;11;P01
Aleksandra Matulak;Warszawa;Centrum;d³uugo;150;2013-10-13;Œrednie zakupy;135;11;P04
Pawe³ Panas;Rzeszów;Po³udnie;œrednio;104;2013-09-06;Œrednie zakupy;118;11;P03
Pawe³ Panas;Rzeszów;Po³udnie;d³uugo;144;2013-09-05;Œrednie zakupy;147;10;P03
Krzysztof B¹k;Wroc³aw;Zachód;œrednio;108;2013-08-19;Du¿e zakupu;209;9;P02
Krystyna Noczulska;£ódŸ;Centrum;d³uugo;129;2013-08-09;Niewielki zakupy;50;1;P05
Aleksandra Matulak;Warszawa;Centrum;krótko;31;2013-09-14;Œrednie zakupy;141;8;P04
Krystyna Noczulska;£ódŸ;Centrum;d³uugo;153;2013-09-13;Œrednie zakupy;131;9;P05
Jan Kowalski;Warszawa;Centrum;krótko;24;2013-09-30;Œrednie zakupy;153;4;P01
Aleksandra Matulak;Warszawa;Centrum;œrednio;107;2013-08-18;Œrednie zakupy;157;8;P04
Krystyna Noczulska;£ódŸ;Centrum;œrednio;90;2013-10-06;Du¿e zakupu;204;10;P05
Krzysztof B¹k;Wroc³aw;Zachód;œrednio;118;2013-08-25;Œrednie zakupy;174;4;P02
Krystyna Noczulska;£ódŸ;Centrum;œrednio;74;2013-09-28;Œrednie zakupy;164;2;P05
Jan Kowalski;Warszawa;Centrum;d³uugo;171;2013-08-18;Œrednie zakupy;103;1;P01
Jan Kowalski;Warszawa;Centrum;d³uugo;171;2013-10-26;Œrednie zakupy;166;4;P01
Krystyna Noczulska;£ódŸ;Centrum;krótko;48;2013-10-17;Œrednie zakupy;124;15;P05
Jan Kowalski;Warszawa;Centrum;d³uugo;150;2013-09-27;Œrednie zakupy;165;12;P01
Krzysztof B¹k;Wroc³aw;Zachód;œrednio;85;2013-10-27;Niewielki zakupy;78;3;P02
Jan Kowalski;Warszawa;Centrum;œrednio;65;2013-08-10;Niewielki zakupy;76;3;P01
Krzysztof B¹k;Wroc³aw;Zachód;œrednio;117;2013-08-21;Œrednie zakupy;133;10;P02
Krystyna Noczulska;£ódŸ;Centrum;krótko;49;2013-08-28;Du¿e zakupu;198;9;P05
Aleksandra Matulak;Warszawa;Centrum;d³uugo;128;2013-08-25;Du¿e zakupu;209;11;P04
Pawe³ Panas;Rzeszów;Po³udnie;d³uugo;137;2013-09-17;Œrednie zakupy;92;11;P03
Krystyna Noczulska;£ódŸ;Centrum;œrednio;75;2013-09-26;Niewielki zakupy;43;11;P05
Aleksandra Matulak;Warszawa;Centrum;krótko;42;2013-08-31;Œrednie zakupy;161;6;P04
Pawe³ Panas;Rzeszów;Po³udnie;d³uugo;174;2013-10-10;Du¿e zakupu;182;2;P03
Krystyna Noczulska;£ódŸ;Centrum;d³uugo;141;2013-10-14;Œrednie zakupy;108;11;P05
Krystyna Noczulska;£ódŸ;Centrum;krótko;58;2013-10-29;Niewielki zakupy;88;6;P05
Krystyna Noczulska;£ódŸ;Centrum;œrednio;60;2013-08-16;Œrednie zakupy;128;10;P05
Jan Kowalski;Warszawa;Centrum;krótko;2;2013-08-20;Œrednie zakupy;157;8;P01
Aleksandra Matulak;Warszawa;Centrum;krótko;13;2013-10-04;Niewielki zakupy;41;4;P04
Krzysztof B¹k;Wroc³aw;Zachód;d³uugo;175;2013-09-23;Niewielki zakupy;47;8;P02
Krystyna Noczulska;£ódŸ;Centrum;d³uugo;169;2013-08-02;Du¿e zakupu;211;7;P05
Jan Kowalski;Warszawa;Centrum;d³uugo;126;2013-09-28;Niewielki zakupy;44;7;P01
Aleksandra Matulak;Warszawa;Centrum;œrednio;96;2013-08-27;Œrednie zakupy;126;6;P04
Jan Kowalski;Warszawa;Centrum;d³uugo;136;2013-08-13;Niewielki zakupy;88;6;P01
Pawe³ Panas;Rzeszów;Po³udnie;krótko;23;2013-10-19;Œrednie zakupy;116;5;P03
Krzysztof B¹k;Wroc³aw;Zachód;krótko;40;2013-10-03;Niewielki zakupy;65;11;P02
Pawe³ Panas;Rzeszów;Po³udnie;d³uugo;158;2013-10-15;Niewielki zakupy;70;9;P03
Krystyna Noczulska;£ódŸ;Centrum;krótko;14;2013-09-09;Œrednie zakupy;179;4;P05
Krzysztof B¹k;Wroc³aw;Zachód;d³uugo;137;2013-09-23;Œrednie zakupy;94;11;P02
Krzysztof B¹k;Wroc³aw;Zachód;d³uugo;168;2013-10-08;Œrednie zakupy;125;4;P02
Jan Kowalski;Warszawa;Centrum;œrednio;111;2013-09-13;Œrednie zakupy;105;5;P01
Pawe³ Panas;Rzeszów;Po³udnie;œrednio;61;2013-08-29;Œrednie zakupy;115;6;P03
Krzysztof B¹k;Wroc³aw;Zachód;d³uugo;139;2013-09-12;Œrednie zakupy;139;7;P02
Krystyna Noczulska;£ódŸ;Centrum;d³uugo;138;2013-10-23;Œrednie zakupy;99;5;P05
Krystyna Noczulska;£ódŸ;Centrum;œrednio;63;2013-08-16;Œrednie zakupy;90;10;P05
Krzysztof B¹k;Wroc³aw;Zachód;krótko;54;2013-09-16;Niewielki zakupy;71;10;P02
Pawe³ Panas;Rzeszów;Po³udnie;krótko;36;2013-08-25;Œrednie zakupy;106;3;P03
Krystyna Noczulska;£ódŸ;Centrum;krótko;8;2013-08-06;Œrednie zakupy;139;4;P05
Jan Kowalski;Warszawa;Centrum;œrednio;106;2013-10-24;Niewielki zakupy;77;2;P01
Pawe³ Panas;Rzeszów;Po³udnie;d³uugo;124;2013-09-20;Niewielki zakupy;42;11;P03
Krystyna Noczulska;£ódŸ;Centrum;œrednio;116;2013-08-20;Œrednie zakupy;145;5;P05
Krzysztof B¹k;Wroc³aw;Zachód;krótko;5;2013-10-16;Œrednie zakupy;93;9;P02
Krzysztof B¹k;Wroc³aw;Zachód;œrednio;73;2013-09-11;Œrednie zakupy;178;7;P02
Aleksandra Matulak;Warszawa;Centrum;œrednio;84;2013-08-16;Niewielki zakupy;54;10;P04
Pawe³ Panas;Rzeszów;Po³udnie;œrednio;69;2013-09-20;Niewielki zakupy;39;10;P03
Krzysztof B¹k;Wroc³aw;Zachód;d³uugo;132;2013-08-04;Œrednie zakupy;163;7;P02
Krzysztof B¹k;Wroc³aw;Zachód;œrednio;66;2013-08-09;Du¿e zakupu;216;3;P02
Krzysztof B¹k;Wroc³aw;Zachód;d³uugo;124;2013-10-22;Du¿e zakupu;183;5;P02
Jan Kowalski;Warszawa;Centrum;œrednio;64;2013-10-17;Du¿e zakupu;216;6;P01
Jan Kowalski;Warszawa;Centrum;œrednio;92;2013-10-30;Œrednie zakupy;128;10;P01
Pawe³ Panas;Rzeszów;Po³udnie;d³uugo;167;2013-08-05;Niewielki zakupy;59;2;P03
Jan Kowalski;Warszawa;Centrum;krótko;23;2013-08-23;Œrednie zakupy;162;6;P01
Krystyna Noczulska;£ódŸ;Centrum;krótko;38;2013-09-03;Œrednie zakupy;131;4;P05
Krzysztof B¹k;Wroc³aw;Zachód;krótko;28;2013-09-02;Œrednie zakupy;121;5;P02
Krystyna Noczulska;£ódŸ;Centrum;krótko;23;2013-09-21;Niewielki zakupy;62;6;P05
Pawe³ Panas;Rzeszów;Po³udnie;œrednio;109;2013-08-26;Niewielki zakupy;30;6;P03
Krystyna Noczulska;£ódŸ;Centrum;krótko;19;2013-09-10;Du¿e zakupu;200;3;P05
Pawe³ Panas;Rzeszów;Po³udnie;krótko;59;2013-09-25;Œrednie zakupy;91;3;P03
Krzysztof B¹k;Wroc³aw;Zachód;krótko;36;2013-09-06;Niewielki zakupy;81;7;P02
Aleksandra Matulak;Warszawa;Centrum;krótko;27;2013-10-10;Niewielki zakupy;87;7;P04
Jan Kowalski;Warszawa;Centrum;d³uugo;174;2013-10-06;Œrednie zakupy;157;2;P01
Pawe³ Panas;Rzeszów;Po³udnie;krótko;14;2013-09-16;Œrednie zakupy;94;10;P03
Jan Kowalski;Warszawa;Centrum;krótko;5;2013-10-02;Du¿e zakupu;204;11;P01
Krystyna Noczulska;£ódŸ;Centrum;krótko;47;2013-10-21;Œrednie zakupy;97;7;P05
Krzysztof B¹k;Wroc³aw;Zachód;krótko;33;2013-09-26;Niewielki zakupy;61;7;P02
Krystyna Noczulska;£ódŸ;Centrum;krótko;32;2013-10-26;Œrednie zakupy;120;2;P05
Pawe³ Panas;Rzeszów;Po³udnie;œrednio;92;2013-08-16;Niewielki zakupy;43;3;P03
Aleksandra Matulak;Warszawa;Centrum;œrednio;86;2013-08-22;Du¿e zakupu;201;5;P04
Krystyna Noczulska;£ódŸ;Centrum;œrednio;73;2013-10-08;Niewielki zakupy;76;7;P05
Aleksandra Matulak;Warszawa;Centrum;d³uugo;167;2013-09-08;Niewielki zakupy;62;10;P04
Krystyna Noczulska;£ódŸ;Centrum;œrednio;108;2013-08-20;Niewielki zakupy;64;10;P05
Pawe³ Panas;Rzeszów;Po³udnie;krótko;45;2013-10-28;Œrednie zakupy;96;5;P03
Aleksandra Matulak;Warszawa;Centrum;œrednio;105;2013-08-12;Du¿e zakupu;191;6;P04
Aleksandra Matulak;Warszawa;Centrum;krótko;37;2013-09-01;Niewielki zakupy;61;7;P04
Krzysztof B¹k;Wroc³aw;Zachód;d³uugo;144;2013-09-20;Œrednie zakupy;128;6;P02
Jan Kowalski;Warszawa;Centrum;d³uugo;142;2013-08-31;Œrednie zakupy;161;2;P01
Aleksandra Matulak;Warszawa;Centrum;œrednio;107;2013-09-15;Niewielki zakupy;81;3;P04
Krzysztof B¹k;Wroc³aw;Zachód;œrednio;98;2013-09-10;Œrednie zakupy;134;2;P02
Krystyna Noczulska;£ódŸ;Centrum;krótko;30;2013-08-26;Niewielki zakupy;59;3;P05
Aleksandra Matulak;Warszawa;Centrum;krótko;23;2013-10-27;Œrednie zakupy;166;4;P04
Aleksandra Matulak;Warszawa;Centrum;d³uugo;126;2013-08-24;Niewielki zakupy;53;9;P04
Pawe³ Panas;Rzeszów;Po³udnie;œrednio;94;2013-10-25;Œrednie zakupy;103;2;P03
Pawe³ Panas;Rzeszów;Po³udnie;krótko;21;2013-08-02;Niewielki zakupy;49;10;P03
Krystyna Noczulska;£ódŸ;Centrum;krótko;14;2013-10-08;Niewielki zakupy;60;2;P05
Pawe³ Panas;Rzeszów;Po³udnie;d³uugo;147;2013-10-20;Niewielki zakupy;70;5;P03
Jan Kowalski;Warszawa;Centrum;œrednio;78;2013-10-01;Œrednie zakupy;175;3;P01
Krystyna Noczulska;£ódŸ;Centrum;d³uugo;131;2013-09-03;Du¿e zakupu;217;10;P05
Krystyna Noczulska;£ódŸ;Centrum;d³uugo;166;2013-09-29;Œrednie zakupy;168;8;P05
Krzysztof B¹k;Wroc³aw;Zachód;krótko;56;2013-08-17;Œrednie zakupy;135;2;P02
Krzysztof B¹k;Wroc³aw;Zachód;krótko;7;2013-09-01;Niewielki zakupy;89;6;P02
Pawe³ Panas;Rzeszów;Po³udnie;œrednio;75;2013-10-11;Du¿e zakupu;197;5;P03
Pawe³ Panas;Rzeszów;Po³udnie;œrednio;100;2013-10-20;Œrednie zakupy;173;10;P03
Krystyna Noczulska;£ódŸ;Centrum;d³uugo;149;2013-08-05;Du¿e zakupu;189;7;P05
Krystyna Noczulska;£ódŸ;Centrum;krótko;29;2013-09-22;Niewielki zakupy;45;9;P05
Krystyna Noczulska;£ódŸ;Centrum;œrednio;119;2013-08-28;Œrednie zakupy;117;4;P05
Jan Kowalski;Warszawa;Centrum;œrednio;101;2013-10-11;Niewielki zakupy;60;7;P01
Krystyna Noczulska;£ódŸ;Centrum;d³uugo;162;2013-08-30;Niewielki zakupy;57;6;P05
Jan Kowalski;Warszawa;Centrum;d³uugo;147;2013-09-10;Du¿e zakupu;192;10;P01
Krystyna Noczulska;£ódŸ;Centrum;krótko;2;2013-08-25;Du¿e zakupu;188;8;P05
Krystyna Noczulska;£ódŸ;Centrum;œrednio;105;2013-08-26;Niewielki zakupy;88;2;P05
Aleksandra Matulak;Warszawa;Centrum;œrednio;84;2013-10-09;Œrednie zakupy;93;7;P04
Krystyna Noczulska;£ódŸ;Centrum;d³uugo;179;2013-08-04;Niewielki zakupy;37;2;P05
Jan Kowalski;Warszawa;Centrum;œrednio;93;2013-08-10;Niewielki zakupy;88;8;P01
Jan Kowalski;Warszawa;Centrum;krótko;41;2013-10-16;Œrednie zakupy;114;5;P01
Krzysztof B¹k;Wroc³aw;Zachód;krótko;32;2013-08-18;Œrednie zakupy;177;11;P02
Jan Kowalski;Warszawa;Centrum;d³uugo;148;2013-10-19;Niewielki zakupy;60;7;P01
Krzysztof B¹k;Wroc³aw;Zachód;œrednio;118;2013-09-26;Niewielki zakupy;64;11;P02
Krzysztof B¹k;Wroc³aw;Zachód;œrednio;89;2013-10-19;Œrednie zakupy;159;10;P02
Krystyna Noczulska;£ódŸ;Centrum;krótko;15;2013-08-03;Niewielki zakupy;67;6;P05
Aleksandra Matulak;Warszawa;Centrum;d³uugo;178;2013-10-11;Œrednie zakupy;126;10;P04
Aleksandra Matulak;Warszawa;Centrum;krótko;45;2013-10-06;Œrednie zakupy;112;3;P04
Pawe³ Panas;Rzeszów;Po³udnie;œrednio;116;2013-09-30;Niewielki zakupy;53;4;P03
Jan Kowalski;Warszawa;Centrum;krótko;33;2013-09-19;Niewielki zakupy;80;5;P01
Krystyna Noczulska;£ódŸ;Centrum;krótko;42;2013-10-06;Du¿e zakupu;192;7;P05
Jan Kowalski;Warszawa;Centrum;œrednio;69;2013-10-03;Du¿e zakupu;198;2;P01
Aleksandra Matulak;Warszawa;Centrum;œrednio;97;2013-10-10;Œrednie zakupy;130;4;P04
Krzysztof B¹k;Wroc³aw;Zachód;d³uugo;156;2013-08-27;Niewielki zakupy;70;7;P02
Jan Kowalski;Warszawa;Centrum;krótko;17;2013-08-30;Œrednie zakupy;150;2;P01
Jan Kowalski;Warszawa;Centrum;d³uugo;152;2013-09-23;Œrednie zakupy;149;3;P01
Krystyna Noczulska;£ódŸ;Centrum;œrednio;100;2013-09-11;Œrednie zakupy;134;8;P05
Pawe³ Panas;Rzeszów;Po³udnie;krótko;17;2013-09-28;Œrednie zakupy;92;10;P03
Jan Kowalski;Warszawa;Centrum;œrednio;61;2013-09-05;Œrednie zakupy;160;8;P01
Krzysztof B¹k;Wroc³aw;Zachód;d³uugo;157;2013-09-19;Du¿e zakupu;223;9;P02
Jan Kowalski;Warszawa;Centrum;œrednio;105;2013-09-23;Niewielki zakupy;86;4;P01
Pawe³ Panas;Rzeszów;Po³udnie;krótko;43;2013-08-05;Niewielki zakupy;45;11;P03
Krystyna Noczulska;£ódŸ;Centrum;krótko;42;2013-09-19;Œrednie zakupy;171;9;P05
Jan Kowalski;Warszawa;Centrum;œrednio;112;2013-08-29;Œrednie zakupy;173;10;P01
Aleksandra Matulak;Warszawa;Centrum;krótko;41;2013-10-22;Œrednie zakupy;174;5;P04
Pawe³ Panas;Rzeszów;Po³udnie;d³uugo;140;2013-10-15;Œrednie zakupy;107;5;P03
Krzysztof B¹k;Wroc³aw;Zachód;œrednio;106;2013-08-15;Œrednie zakupy;163;8;P02
Jan Kowalski;Warszawa;Centrum;œrednio;116;2013-10-24;Œrednie zakupy;134;8;P01
Jan Kowalski;Warszawa;Centrum;œrednio;113;2013-10-07;Du¿e zakupu;215;5;P01
Pawe³ Panas;Rzeszów;Po³udnie;d³uugo;149;2013-10-07;Œrednie zakupy;143;9;P03
Aleksandra Matulak;Warszawa;Centrum;œrednio;117;2013-08-19;Du¿e zakupu;208;4;P04
Krystyna Noczulska;£ódŸ;Centrum;d³uugo;171;2013-09-30;Œrednie zakupy;127;9;P05
Krzysztof B¹k;Wroc³aw;Zachód;œrednio;72;2013-08-25;Œrednie zakupy;156;2;P02
Jan Kowalski;Warszawa;Centrum;œrednio;97;2013-08-15;Du¿e zakupu;182;10;P01
Aleksandra Matulak;Warszawa;Centrum;œrednio;94;2013-09-12;Œrednie zakupy;140;11;P04
Krzysztof B¹k;Wroc³aw;Zachód;krótko;39;2013-09-05;Du¿e zakupu;193;10;P02
Aleksandra Matulak;Warszawa;Centrum;œrednio;68;2013-09-17;Œrednie zakupy;138;7;P04
Jan Kowalski;Warszawa;Centrum;krótko;23;2013-08-30;Niewielki zakupy;49;11;P01
Krystyna Noczulska;£ódŸ;Centrum;krótko;38;2013-09-21;Niewielki zakupy;53;3;P05
Pawe³ Panas;Rzeszów;Po³udnie;œrednio;80;2013-08-21;Œrednie zakupy;157;3;P03
Pawe³ Panas;Rzeszów;Po³udnie;d³uugo;135;2013-10-29;Du¿e zakupu;218;8;P03
Krystyna Noczulska;£ódŸ;Centrum;d³uugo;129;2013-08-17;Œrednie zakupy;124;3;P05
Pawe³ Panas;Rzeszów;Po³udnie;œrednio;110;2013-09-17;Niewielki zakupy;28;5;P03
Krzysztof B¹k;Wroc³aw;Zachód;krótko;57;2013-10-14;Œrednie zakupy;159;10;P02
Aleksandra Matulak;Warszawa;Centrum;d³uugo;131;2013-09-05;Niewielki zakupy;28;11;P04
Krzysztof B¹k;Wroc³aw;Zachód;d³uugo;139;2013-08-28;Niewielki zakupy;59;10;P02
Aleksandra Matulak;Warszawa;Centrum;d³uugo;150;2013-09-27;Œrednie zakupy;158;9;P04
Aleksandra Matulak;Warszawa;Centrum;krótko;15;2013-10-14;Œrednie zakupy;92;9;P04
Krzysztof B¹k;Wroc³aw;Zachód;œrednio;91;2013-10-09;Œrednie zakupy;102;3;P02
Krzysztof B¹k;Wroc³aw;Zachód;œrednio;63;2013-08-31;Œrednie zakupy;148;4;P02
Krystyna Noczulska;£ódŸ;Centrum;œrednio;100;2013-08-03;Du¿e zakupu;199;10;P05
Krzysztof B¹k;Wroc³aw;Zachód;œrednio;104;2013-08-02;Œrednie zakupy;97;7;P02
Krzysztof B¹k;Wroc³aw;Zachód;d³uugo;171;2013-08-08;Œrednie zakupy;104;5;P02
Krystyna Noczulska;£ódŸ;Centrum;krótko;33;2013-09-06;Niewielki zakupy;58;7;P05
Krystyna Noczulska;£ódŸ;Centrum;krótko;32;2013-08-12;Niewielki zakupy;86;6;P05
Jan Kowalski;Warszawa;Centrum;d³uugo;166;2013-09-28;Œrednie zakupy;95;4;P01
Jan Kowalski;Warszawa;Centrum;d³uugo;156;2013-09-09;Niewielki zakupy;20;5;P01
Jan Kowalski;Warszawa;Centrum;œrednio;119;2013-09-15;Niewielki zakupy;56;3;P01
Jan Kowalski;Warszawa;Centrum;d³uugo;158;2013-09-02;Œrednie zakupy;159;9;P01
Pawe³ Panas;Rzeszów;Po³udnie;krótko;11;2013-09-16;Œrednie zakupy;138;4;P03
Pawe³ Panas;Rzeszów;Po³udnie;œrednio;79;2013-10-29;Du¿e zakupu;195;9;P03
Krystyna Noczulska;£ódŸ;Centrum;d³uugo;138;2013-09-26;Niewielki zakupy;36;11;P05
Pawe³ Panas;Rzeszów;Po³udnie;d³uugo;136;2013-09-17;Niewielki zakupy;71;9;P03
Krystyna Noczulska;£ódŸ;Centrum;d³uugo;133;2013-08-21;Du¿e zakupu;221;7;P05
Krzysztof B¹k;Wroc³aw;Zachód;krótko;14;2013-10-16;Œrednie zakupy;101;9;P02
Jan Kowalski;Warszawa;Centrum;œrednio;101;2013-08-25;Du¿e zakupu;216;7;P01
Jan Kowalski;Warszawa;Centrum;œrednio;82;2013-08-04;Œrednie zakupy;159;5;P01
Krystyna Noczulska;£ódŸ;Centrum;krótko;42;2013-08-16;Niewielki zakupy;88;4;P05
Krzysztof B¹k;Wroc³aw;Zachód;œrednio;101;2013-09-12;Du¿e zakupu;197;5;P02
Krzysztof B¹k;Wroc³aw;Zachód;krótko;11;2013-09-25;Niewielki zakupy;45;5;P02
Pawe³ Panas;Rzeszów;Po³udnie;œrednio;80;2013-10-18;Œrednie zakupy;143;4;P03
Krzysztof B¹k;Wroc³aw;Zachód;krótko;29;2013-09-28;Du¿e zakupu;185;11;P02
Aleksandra Matulak;Warszawa;Centrum;œrednio;62;2013-10-04;Œrednie zakupy;167;4;P04
Krzysztof B¹k;Wroc³aw;Zachód;d³uugo;133;2013-09-19;Du¿e zakupu;218;6;P02
Aleksandra Matulak;Warszawa;Centrum;d³uugo;123;2013-08-02;Œrednie zakupy;175;9;P04
Krzysztof B¹k;Wroc³aw;Zachód;d³uugo;174;2013-10-24;Niewielki zakupy;29;2;P02
Jan Kowalski;Warszawa;Centrum;d³uugo;162;2013-09-27;Niewielki zakupy;51;3;P01
Aleksandra Matulak;Warszawa;Centrum;œrednio;101;2013-08-01;Du¿e zakupu;217;2;P04
Aleksandra Matulak;Warszawa;Centrum;krótko;17;2013-09-10;Niewielki zakupy;75;11;P04
Jan Kowalski;Warszawa;Centrum;d³uugo;151;2013-10-10;Œrednie zakupy;165;8;P01
Krystyna Noczulska;£ódŸ;Centrum;d³uugo;162;2013-08-17;Œrednie zakupy;174;11;P05
Pawe³ Panas;Rzeszów;Po³udnie;krótko;45;2013-09-21;Niewielki zakupy;86;2;P03
Krzysztof B¹k;Wroc³aw;Zachód;d³uugo;145;2013-08-26;Niewielki zakupy;45;10;P02
Pawe³ Panas;Rzeszów;Po³udnie;d³uugo;155;2013-10-28;Du¿e zakupu;189;10;P03
Krzysztof B¹k;Wroc³aw;Zachód;krótko;34;2013-10-10;Niewielki zakupy;70;4;P02
Krzysztof B¹k;Wroc³aw;Zachód;œrednio;97;2013-09-17;Niewielki zakupy;71;3;P02
Pawe³ Panas;Rzeszów;Po³udnie;krótko;50;2013-08-21;Œrednie zakupy;92;11;P03
Jan Kowalski;Warszawa;Centrum;œrednio;108;2013-09-28;Œrednie zakupy;121;3;P01
Krystyna Noczulska;£ódŸ;Centrum;d³uugo;166;2013-10-01;Œrednie zakupy;179;11;P05
Krzysztof B¹k;Wroc³aw;Zachód;œrednio;61;2013-09-16;Niewielki zakupy;67;8;P02
Krzysztof B¹k;Wroc³aw;Zachód;œrednio;114;2013-08-18;Œrednie zakupy;132;7;P02
Pawe³ Panas;Rzeszów;Po³udnie;krótko;49;2013-09-12;Niewielki zakupy;48;11;P03
Jan Kowalski;Warszawa;Centrum;œrednio;63;2013-09-09;Niewielki zakupy;29;5;P01
Krzysztof B¹k;Wroc³aw;Zachód;œrednio;79;2013-08-31;Du¿e zakupu;198;6;P02
Aleksandra Matulak;Warszawa;Centrum;d³uugo;168;2013-08-14;Œrednie zakupy;157;5;P04
Krzysztof B¹k;Wroc³aw;Zachód;krótko;1;2013-09-06;Niewielki zakupy;61;2;P02
Aleksandra Matulak;Warszawa;Centrum;krótko;56;2013-08-10;Du¿e zakupu;188;11;P04
Jan Kowalski;Warszawa;Centrum;œrednio;108;2013-08-02;Œrednie zakupy;109;7;P01
Krzysztof B¹k;Wroc³aw;Zachód;d³uugo;165;2013-09-09;Niewielki zakupy;35;4;P02
Aleksandra Matulak;Warszawa;Centrum;œrednio;118;2013-09-03;Œrednie zakupy;94;10;P04
Krystyna Noczulska;£ódŸ;Centrum;d³uugo;126;2013-09-28;Œrednie zakupy;172;3;P05
Jan Kowalski;Warszawa;Centrum;krótko;43;2013-09-17;Niewielki zakupy;45;7;P01
Krzysztof B¹k;Wroc³aw;Zachód;krótko;36;2013-10-05;Niewielki zakupy;53;3;P02
Krystyna Noczulska;£ódŸ;Centrum;œrednio;94;2013-09-14;Œrednie zakupy;123;10;P05
Krzysztof B¹k;Wroc³aw;Zachód;krótko;12;2013-09-20;Œrednie zakupy;104;4;P02
Krystyna Noczulska;£ódŸ;Centrum;krótko;8;2013-08-21;Œrednie zakupy;167;4;P05
Krystyna Noczulska;£ódŸ;Centrum;œrednio;112;2013-09-19;Œrednie zakupy;131;3;P05
Aleksandra Matulak;Warszawa;Centrum;d³uugo;163;2013-08-26;Œrednie zakupy;152;8;P04
Aleksandra Matulak;Warszawa;Centrum;krótko;17;2013-10-07;Œrednie zakupy;139;8;P04
Aleksandra Matulak;Warszawa;Centrum;krótko;31;2013-10-08;Œrednie zakupy;177;8;P04
Krzysztof B¹k;Wroc³aw;Zachód;œrednio;96;2013-09-09;Œrednie zakupy;168;9;P02
Krzysztof B¹k;Wroc³aw;Zachód;œrednio;118;2013-08-08;Œrednie zakupy;148;11;P02
Krystyna Noczulska;£ódŸ;Centrum;œrednio;81;2013-09-04;Niewielki zakupy;65;9;P05
Jan Kowalski;Warszawa;Centrum;œrednio;67;2013-09-22;Œrednie zakupy;177;4;P01
Pawe³ Panas;Rzeszów;Po³udnie;krótko;49;2013-09-21;Du¿e zakupu;211;4;P03
Krystyna Noczulska;£ódŸ;Centrum;œrednio;101;2013-09-05;Niewielki zakupy;30;7;P05
Aleksandra Matulak;Warszawa;Centrum;d³uugo;155;2013-08-29;Œrednie zakupy;124;2;P04
Pawe³ Panas;Rzeszów;Po³udnie;krótko;6;2013-08-20;Du¿e zakupu;212;4;P03
Krystyna Noczulska;£ódŸ;Centrum;d³uugo;153;2013-08-14;Œrednie zakupy;98;10;P05
Krystyna Noczulska;£ódŸ;Centrum;œrednio;100;2013-08-16;Niewielki zakupy;55;6;P05
Jan Kowalski;Warszawa;Centrum;œrednio;63;2013-08-13;Œrednie zakupy;90;6;P01
Krzysztof B¹k;Wroc³aw;Zachód;d³uugo;126;2013-08-16;Du¿e zakupu;181;2;P02
Krzysztof B¹k;Wroc³aw;Zachód;d³uugo;154;2013-09-02;Niewielki zakupy;34;5;P02
Aleksandra Matulak;Warszawa;Centrum;d³uugo;141;2013-09-13;Œrednie zakupy;155;3;P04
Pawe³ Panas;Rzeszów;Po³udnie;œrednio;68;2013-08-07;Œrednie zakupy;128;4;P03
Aleksandra Matulak;Warszawa;Centrum;œrednio;82;2013-08-11;Niewielki zakupy;47;4;P04
Pawe³ Panas;Rzeszów;Po³udnie;œrednio;73;2013-10-05;Du¿e zakupu;207;11;P03
Krzysztof B¹k;Wroc³aw;Zachód;krótko;20;2013-09-21;Œrednie zakupy;177;9;P02
Krzysztof B¹k;Wroc³aw;Zachód;krótko;21;2013-10-22;Œrednie zakupy;108;9;P02
Krzysztof B¹k;Wroc³aw;Zachód;d³uugo;120;2013-10-03;Niewielki zakupy;77;4;P02
Jan Kowalski;Warszawa;Centrum;d³uugo;135;2013-09-01;Niewielki zakupy;77;6;P01
Pawe³ Panas;Rzeszów;Po³udnie;d³uugo;120;2013-10-01;Niewielki zakupy;50;2;P03
Jan Kowalski;Warszawa;Centrum;krótko;43;2013-09-07;Œrednie zakupy;131;8;P01
Pawe³ Panas;Rzeszów;Po³udnie;œrednio;84;2013-09-24;Œrednie zakupy;119;11;P03
Krzysztof B¹k;Wroc³aw;Zachód;œrednio;85;2013-08-31;Niewielki zakupy;20;11;P02
Aleksandra Matulak;Warszawa;Centrum;d³uugo;171;2013-08-06;Du¿e zakupu;200;6;P04
Jan Kowalski;Warszawa;Centrum;krótko;40;2013-08-24;Du¿e zakupu;207;2;P01
Aleksandra Matulak;Warszawa;Centrum;œrednio;78;2013-08-03;Œrednie zakupy;121;3;P04
Pawe³ Panas;Rzeszów;Po³udnie;œrednio;117;2013-08-24;Œrednie zakupy;122;4;P03
Krystyna Noczulska;£ódŸ;Centrum;d³uugo;127;2013-09-04;Du¿e zakupu;215;7;P05
Aleksandra Matulak;Warszawa;Centrum;d³uugo;156;2013-09-10;Niewielki zakupy;64;9;P04
Krzysztof B¹k;Wroc³aw;Zachód;d³uugo;161;2013-09-03;Œrednie zakupy;117;4;P02
Pawe³ Panas;Rzeszów;Po³udnie;krótko;9;2013-09-16;Niewielki zakupy;82;2;P03
Pawe³ Panas;Rzeszów;Po³udnie;œrednio;94;2013-08-26;Œrednie zakupy;156;9;P03
Aleksandra Matulak;Warszawa;Centrum;œrednio;110;2013-09-22;Œrednie zakupy;172;8;P04
Krzysztof B¹k;Wroc³aw;Zachód;d³uugo;157;2013-10-05;Œrednie zakupy;161;11;P02
Aleksandra Matulak;Warszawa;Centrum;krótko;53;2013-10-27;Œrednie zakupy;122;7;P04
Krystyna Noczulska;£ódŸ;Centrum;krótko;59;2013-10-19;Niewielki zakupy;44;6;P05
Krystyna Noczulska;£ódŸ;Centrum;krótko;30;2013-08-05;Œrednie zakupy;127;4;P05
Jan Kowalski;Warszawa;Centrum;krótko;38;2013-10-08;Œrednie zakupy;160;6;P01
Jan Kowalski;Warszawa;Centrum;krótko;47;2013-10-22;Œrednie zakupy;145;4;P01
Aleksandra Matulak;Warszawa;Centrum;krótko;41;2013-09-11;Œrednie zakupy;130;6;P04
Krystyna Noczulska;£ódŸ;Centrum;krótko;52;2013-08-06;Œrednie zakupy;177;4;P05
Pawe³ Panas;Rzeszów;Po³udnie;krótko;22;2013-09-21;Du¿e zakupu;196;6;P03
Aleksandra Matulak;Warszawa;Centrum;d³uugo;153;2013-10-11;Du¿e zakupu;223;8;P04
Aleksandra Matulak;Warszawa;Centrum;d³uugo;155;2013-08-12;Œrednie zakupy;166;11;P04
Krystyna Noczulska;£ódŸ;Centrum;krótko;35;2013-10-12;Œrednie zakupy;161;6;P05
Pawe³ Panas;Rzeszów;Po³udnie;œrednio;95;2013-08-30;Œrednie zakupy;150;9;P03
Krzysztof B¹k;Wroc³aw;Zachód;œrednio;75;2013-08-08;Niewielki zakupy;32;6;P02
Krystyna Noczulska;£ódŸ;Centrum;d³uugo;130;2013-09-07;Du¿e zakupu;203;3;P05
Krzysztof B¹k;Wroc³aw;Zachód;œrednio;75;2013-10-03;Œrednie zakupy;122;10;P02
Aleksandra Matulak;Warszawa;Centrum;œrednio;111;2013-09-23;Du¿e zakupu;218;8;P04
Jan Kowalski;Warszawa;Centrum;krótko;44;2013-10-11;Œrednie zakupy;109;2;P01
Pawe³ Panas;Rzeszów;Po³udnie;d³uugo;128;2013-08-14;Niewielki zakupy;51;5;P03
Krzysztof B¹k;Wroc³aw;Zachód;krótko;45;2013-10-27;Œrednie zakupy;130;8;P02
Pawe³ Panas;Rzeszów;Po³udnie;œrednio;84;2013-08-04;Œrednie zakupy;101;7;P03
Krystyna Noczulska;£ódŸ;Centrum;œrednio;115;2013-09-20;Œrednie zakupy;165;11;P05
Pawe³ Panas;Rzeszów;Po³udnie;d³uugo;136;2013-09-09;Niewielki zakupy;46;7;P03
Krystyna Noczulska;£ódŸ;Centrum;krótko;56;2013-10-14;Niewielki zakupy;44;4;P05
Krzysztof B¹k;Wroc³aw;Zachód;krótko;33;2013-09-21;Œrednie zakupy;158;8;P02
Krystyna Noczulska;£ódŸ;Centrum;œrednio;112;2013-08-06;Niewielki zakupy;73;5;P05
Pawe³ Panas;Rzeszów;Po³udnie;krótko;9;2013-09-23;Du¿e zakupu;202;3;P03
Krystyna Noczulska;£ódŸ;Centrum;œrednio;111;2013-10-11;Niewielki zakupy;46;8;P05
Pawe³ Panas;Rzeszów;Po³udnie;œrednio;114;2013-10-14;Niewielki zakupy;31;7;P03
Jan Kowalski;Warszawa;Centrum;krótko;2;2013-09-10;Œrednie zakupy;145;5;P01
Pawe³ Panas;Rzeszów;Po³udnie;œrednio;74;2013-10-03;Œrednie zakupy;162;3;P03
Krzysztof B¹k;Wroc³aw;Zachód;krótko;16;2013-09-26;Niewielki zakupy;31;3;P02
Krystyna Noczulska;£ódŸ;Centrum;krótko;7;2013-09-19;Œrednie zakupy;136;2;P05
Jan Kowalski;Warszawa;Centrum;œrednio;86;2013-08-25;Œrednie zakupy;122;10;P01
Krzysztof B¹k;Wroc³aw;Zachód;d³uugo;165;2013-08-21;Œrednie zakupy;117;2;P02
Aleksandra Matulak;Warszawa;Centrum;d³uugo;144;2013-10-17;Niewielki zakupy;59;4;P04
Krzysztof B¹k;Wroc³aw;Zachód;krótko;39;2013-10-15;Œrednie zakupy;172;8;P02
Aleksandra Matulak;Warszawa;Centrum;d³uugo;120;2013-10-26;Du¿e zakupu;180;2;P04
Aleksandra Matulak;Warszawa;Centrum;d³uugo;143;2013-09-16;Œrednie zakupy;161;4;P04
Krystyna Noczulska;£ódŸ;Centrum;d³uugo;131;2013-09-15;Œrednie zakupy;116;13;P05
Jan Kowalski;Warszawa;Centrum;krótko;26;2013-10-13;Œrednie zakupy;157;10;P01
Krzysztof B¹k;Wroc³aw;Zachód;d³uugo;163;2013-09-11;Œrednie zakupy;109;11;P02
Aleksandra Matulak;Warszawa;Centrum;d³uugo;165;2013-08-28;Œrednie zakupy;96;12;P04
Jan Kowalski;Warszawa;Centrum;d³uugo;142;2013-09-05;Du¿e zakupu;203;3;P01
Jan Kowalski;Warszawa;Centrum;krótko;1;2013-10-06;Niewielki zakupy;43;14;P01
Krzysztof B¹k;Wroc³aw;Zachód;d³uugo;144;2013-08-14;Niewielki zakupy;60;6;P02
Pawe³ Panas;Rzeszów;Po³udnie;œrednio;67;2013-08-15;Du¿e zakupu;222;5;P03
Jan Kowalski;Warszawa;Centrum;œrednio;118;2013-09-26;Œrednie zakupy;94;3;P01
Krzysztof B¹k;Wroc³aw;Zachód;d³uugo;153;2013-09-25;Œrednie zakupy;117;15;P02
Krystyna Noczulska;£ódŸ;Centrum;œrednio;61;2013-08-09;Niewielki zakupy;29;4;P05
Krystyna Noczulska;£ódŸ;Centrum;krótko;11;2013-08-09;Du¿e zakupu;213;13;P05
Jan Kowalski;Warszawa;Centrum;krótko;15;2013-09-14;Niewielki zakupy;58;4;P01
Krzysztof B¹k;Wroc³aw;Zachód;œrednio;112;2013-08-29;Niewielki zakupy;56;11;P02
Krystyna Noczulska;£ódŸ;Centrum;krótko;12;2013-09-28;Niewielki zakupy;57;11;P05
Krzysztof B¹k;Wroc³aw;Zachód;d³uugo;139;2013-09-14;Œrednie zakupy;156;7;P02
Krzysztof B¹k;Wroc³aw;Zachód;krótko;50;2013-10-21;Du¿e zakupu;206;5;P02
Aleksandra Matulak;Warszawa;Centrum;d³uugo;145;2013-09-19;Œrednie zakupy;127;14;P04
Pawe³ Panas;Rzeszów;Po³udnie;d³uugo;138;2013-08-05;Œrednie zakupy;178;12;P03
Aleksandra Matulak;Warszawa;Centrum;œrednio;119;2013-08-10;Niewielki zakupy;53;1;P04
Jan Kowalski;Warszawa;Centrum;krótko;35;2013-08-11;Œrednie zakupy;149;9;P01
Krystyna Noczulska;£ódŸ;Centrum;œrednio;102;2013-10-14;Œrednie zakupy;97;7;P05
Krzysztof B¹k;Wroc³aw;Zachód;œrednio;82;2013-09-23;Niewielki zakupy;64;9;P02
Pawe³ Panas;Rzeszów;Po³udnie;d³uugo;123;2013-10-29;Œrednie zakupy;169;7;P03
Jan Kowalski;Warszawa;Centrum;krótko;6;2013-08-25;Œrednie zakupy;110;11;P01
Aleksandra Matulak;Warszawa;Centrum;d³uugo;121;2013-09-14;Œrednie zakupy;126;4;P04
Krzysztof B¹k;Wroc³aw;Zachód;krótko;27;2013-09-25;Niewielki zakupy;35;1;P02
Krzysztof B¹k;Wroc³aw;Zachód;œrednio;79;2013-09-08;Niewielki zakupy;83;5;P02
Krzysztof B¹k;Wroc³aw;Zachód;œrednio;98;2013-10-04;Niewielki zakupy;54;8;P02
Jan Kowalski;Warszawa;Centrum;d³uugo;158;2013-09-10;Du¿e zakupu;185;3;P01
Krzysztof B¹k;Wroc³aw;Zachód;krótko;55;2013-09-10;Niewielki zakupy;73;14;P02
Jan Kowalski;Warszawa;Centrum;d³uugo;122;2013-08-04;Du¿e zakupu;184;7;P01
Jan Kowalski;Warszawa;Centrum;œrednio;80;2013-08-16;Niewielki zakupy;66;1;P01
Krzysztof B¹k;Wroc³aw;Zachód;d³uugo;134;2013-09-24;Niewielki zakupy;65;10;P02
Aleksandra Matulak;Warszawa;Centrum;krótko;13;2013-08-17;Niewielki zakupy;47;5;P04
Jan Kowalski;Warszawa;Centrum;d³uugo;159;2013-10-04;Niewielki zakupy;44;14;P01
Pawe³ Panas;Rzeszów;Po³udnie;d³uugo;172;2013-09-14;Œrednie zakupy;165;11;P03
Aleksandra Matulak;Warszawa;Centrum;œrednio;92;2013-09-23;Œrednie zakupy;171;8;P04
Krzysztof B¹k;Wroc³aw;Zachód;krótko;51;2013-10-25;Niewielki zakupy;71;3;P02
Aleksandra Matulak;Warszawa;Centrum;œrednio;109;2013-09-02;Œrednie zakupy;170;2;P04
Pawe³ Panas;Rzeszów;Po³udnie;krótko;45;2013-08-09;Œrednie zakupy;165;15;P03
Aleksandra Matulak;Warszawa;Centrum;krótko;57;2013-08-28;Du¿e zakupu;195;2;P04
Krzysztof B¹k;Wroc³aw;Zachód;d³uugo;179;2013-09-03;Niewielki zakupy;78;6;P02
Krzysztof B¹k;Wroc³aw;Zachód;d³uugo;153;2013-08-29;Œrednie zakupy;158;5;P02
Krzysztof B¹k;Wroc³aw;Zachód;d³uugo;128;2013-09-09;Niewielki zakupy;65;11;P02
Krystyna Noczulska;£ódŸ;Centrum;œrednio;71;2013-09-12;Du¿e zakupu;194;15;P05
Pawe³ Panas;Rzeszów;Po³udnie;krótko;16;2013-08-09;Du¿e zakupu;200;13;P03
Jan Kowalski;Warszawa;Centrum;d³uugo;121;2013-08-08;Du¿e zakupu;191;1;P01
Krystyna Noczulska;£ódŸ;Centrum;d³uugo;143;2013-08-08;Œrednie zakupy;156;8;P05
Jan Kowalski;Warszawa;Centrum;œrednio;116;2013-09-01;Œrednie zakupy;143;14;P01
Krystyna Noczulska;£ódŸ;Centrum;d³uugo;136;2013-09-17;Niewielki zakupy;32;1;P05
Krystyna Noczulska;£ódŸ;Centrum;d³uugo;141;2013-10-18;Œrednie zakupy;157;10;P05
Jan Kowalski;Warszawa;Centrum;œrednio;76;2013-09-18;Œrednie zakupy;111;7;P01
Krystyna Noczulska;£ódŸ;Centrum;d³uugo;167;2013-09-13;Niewielki zakupy;67;7;P05
Jan Kowalski;Warszawa;Centrum;krótko;52;2013-10-05;Du¿e zakupu;205;15;P01
Jan Kowalski;Warszawa;Centrum;krótko;25;2013-08-16;Niewielki zakupy;80;2;P01
Aleksandra Matulak;Warszawa;Centrum;œrednio;104;2013-10-12;Du¿e zakupu;220;11;P04
Pawe³ Panas;Rzeszów;Po³udnie;krótko;50;2013-08-31;Du¿e zakupu;212;5;P03
Krzysztof B¹k;Wroc³aw;Zachód;œrednio;99;2013-08-24;Du¿e zakupu;201;2;P02
Pawe³ Panas;Rzeszów;Po³udnie;krótko;51;2013-08-29;Œrednie zakupy;140;6;P03
Aleksandra Matulak;Warszawa;Centrum;krótko;33;2013-08-01;Œrednie zakupy;118;15;P04
Pawe³ Panas;Rzeszów;Po³udnie;œrednio;119;2013-10-11;Niewielki zakupy;76;11;P03
Krzysztof B¹k;Wroc³aw;Zachód;d³uugo;137;2013-08-10;Œrednie zakupy;142;4;P02
Krzysztof B¹k;Wroc³aw;Zachód;œrednio;68;2013-08-01;Œrednie zakupy;103;13;P02
Krzysztof B¹k;Wroc³aw;Zachód;œrednio;80;2013-08-18;Du¿e zakupu;192;9;P02
Aleksandra Matulak;Warszawa;Centrum;krótko;22;2013-08-09;Œrednie zakupy;90;5;P04
Pawe³ Panas;Rzeszów;Po³udnie;œrednio;99;2013-08-13;Niewielki zakupy;57;8;P03
Aleksandra Matulak;Warszawa;Centrum;œrednio;116;2013-08-19;Niewielki zakupy;79;15;P04
Krzysztof B¹k;Wroc³aw;Zachód;œrednio;101;2013-10-25;Œrednie zakupy;157;9;P02
Krzysztof B¹k;Wroc³aw;Zachód;d³uugo;139;2013-08-18;Du¿e zakupu;214;11;P02
Krystyna Noczulska;£ódŸ;Centrum;krótko;3;2013-08-22;Du¿e zakupu;202;10;P05
Pawe³ Panas;Rzeszów;Po³udnie;d³uugo;132;2013-08-10;Niewielki zakupy;70;11;P03
Jan Kowalski;Warszawa;Centrum;d³uugo;146;2013-08-08;Œrednie zakupy;99;8;P01
Krzysztof B¹k;Wroc³aw;Zachód;d³uugo;134;2013-08-04;Œrednie zakupy;104;9;P02
Aleksandra Matulak;Warszawa;Centrum;œrednio;106;2013-08-12;Du¿e zakupu;190;3;P04
Krystyna Noczulska;£ódŸ;Centrum;d³uugo;170;2013-09-19;Œrednie zakupy;157;1;P05
Pawe³ Panas;Rzeszów;Po³udnie;œrednio;113;2013-10-13;Niewielki zakupy;43;10;P03
Aleksandra Matulak;Warszawa;Centrum;d³uugo;158;2013-10-10;Du¿e zakupu;196;7;P04
Krystyna Noczulska;£ódŸ;Centrum;œrednio;79;2013-10-08;Du¿e zakupu;197;13;P05
Aleksandra Matulak;Warszawa;Centrum;œrednio;96;2013-10-10;Œrednie zakupy;172;5;P04
Pawe³ Panas;Rzeszów;Po³udnie;krótko;6;2013-10-19;Œrednie zakupy;122;11;P03
Krzysztof B¹k;Wroc³aw;Zachód;œrednio;100;2013-08-15;Œrednie zakupy;116;10;P02
Krzysztof B¹k;Wroc³aw;Zachód;d³uugo;174;2013-10-04;Niewielki zakupy;51;2;P02
Pawe³ Panas;Rzeszów;Po³udnie;d³uugo;159;2013-08-22;Œrednie zakupy;137;4;P03
Krystyna Noczulska;£ódŸ;Centrum;krótko;44;2013-08-12;Du¿e zakupu;221;11;P05
Jan Kowalski;Warszawa;Centrum;œrednio;76;2013-09-05;Niewielki zakupy;76;15;P01
Pawe³ Panas;Rzeszów;Po³udnie;d³uugo;138;2013-09-16;Niewielki zakupy;35;14;P03
Krzysztof B¹k;Wroc³aw;Zachód;krótko;46;2013-09-24;Œrednie zakupy;110;4;P02
Jan Kowalski;Warszawa;Centrum;d³uugo;120;2013-08-27;Du¿e zakupu;184;9;P01
Jan Kowalski;Warszawa;Centrum;œrednio;84;2013-10-14;Du¿e zakupu;193;14;P01
Krzysztof B¹k;Wroc³aw;Zachód;d³uugo;136;2013-09-12;Œrednie zakupy;101;15;P02
Jan Kowalski;Warszawa;Centrum;krótko;48;2013-08-27;Niewielki zakupy;80;10;P01
Krystyna Noczulska;£ódŸ;Centrum;krótko;56;2013-10-08;Niewielki zakupy;81;9;P05
Krzysztof B¹k;Wroc³aw;Zachód;œrednio;100;2013-09-08;Œrednie zakupy;133;4;P02
Krzysztof B¹k;Wroc³aw;Zachód;d³uugo;149;2013-08-05;Du¿e zakupu;205;15;P02
Aleksandra Matulak;Warszawa;Centrum;d³uugo;123;2013-08-20;Niewielki zakupy;87;7;P04
Jan Kowalski;Warszawa;Centrum;d³uugo;178;2013-10-02;Œrednie zakupy;126;4;P01
Pawe³ Panas;Rzeszów;Po³udnie;œrednio;116;2013-09-15;Niewielki zakupy;69;13;P03
Krzysztof B¹k;Wroc³aw;Zachód;krótko;21;2013-10-11;Niewielki zakupy;40;6;P02
Jan Kowalski;Warszawa;Centrum;d³uugo;139;2013-10-28;Du¿e zakupu;224;5;P01
Pawe³ Panas;Rzeszów;Po³udnie;krótko;27;2013-08-03;Niewielki zakupy;60;3;P03
Pawe³ Panas;Rzeszów;Po³udnie;d³uugo;134;2013-08-31;Du¿e zakupu;181;7;P03
Jan Kowalski;Warszawa;Centrum;krótko;43;2013-09-16;Œrednie zakupy;149;6;P01
Krzysztof B¹k;Wroc³aw;Zachód;krótko;42;2013-10-10;Niewielki zakupy;64;6;P02
Jan Kowalski;Warszawa;Centrum;d³uugo;129;2013-10-17;Œrednie zakupy;109;14;P01
Krystyna Noczulska;£ódŸ;Centrum;d³uugo;176;2013-10-03;Œrednie zakupy;113;8;P05
Krzysztof B¹k;Wroc³aw;Zachód;d³uugo;175;2013-08-17;Du¿e zakupu;220;14;P02
Pawe³ Panas;Rzeszów;Po³udnie;d³uugo;157;2013-09-12;Niewielki zakupy;78;2;P03
Pawe³ Panas;Rzeszów;Po³udnie;d³uugo;168;2013-10-07;Œrednie zakupy;99;9;P03
Pawe³ Panas;Rzeszów;Po³udnie;krótko;49;2013-10-25;Niewielki zakupy;31;4;P03
Krzysztof B¹k;Wroc³aw;Zachód;krótko;58;2013-08-07;Du¿e zakupu;208;12;P02
Jan Kowalski;Warszawa;Centrum;d³uugo;166;2013-08-05;Du¿e zakupu;183;6;P01
Jan Kowalski;Warszawa;Centrum;krótko;19;2013-09-14;Œrednie zakupy;164;15;P01
Krystyna Noczulska;£ódŸ;Centrum;d³uugo;141;2013-09-06;Niewielki zakupy;26;11;P05
Jan Kowalski;Warszawa;Centrum;œrednio;76;2013-10-27;Du¿e zakupu;188;1;P01
Aleksandra Matulak;Warszawa;Centrum;œrednio;83;2013-08-20;Niewielki zakupy;54;5;P04
Krzysztof B¹k;Wroc³aw;Zachód;œrednio;83;2013-09-01;Niewielki zakupy;26;9;P02
Pawe³ Panas;Rzeszów;Po³udnie;krótko;13;2013-10-14;Niewielki zakupy;28;9;P03
Krzysztof B¹k;Wroc³aw;Zachód;œrednio;74;2013-09-12;Œrednie zakupy;177;14;P02
Krystyna Noczulska;£ódŸ;Centrum;œrednio;109;2013-10-05;Œrednie zakupy;131;12;P05
Aleksandra Matulak;Warszawa;Centrum;krótko;59;2013-08-19;Œrednie zakupy;123;12;P04
Krzysztof B¹k;Wroc³aw;Zachód;krótko;8;2013-09-16;Œrednie zakupy;100;4;P02
Pawe³ Panas;Rzeszów;Po³udnie;d³uugo;175;2013-09-01;Œrednie zakupy;139;11;P03
Krzysztof B¹k;Wroc³aw;Zachód;œrednio;94;2013-09-09;Œrednie zakupy;151;6;P02
Aleksandra Matulak;Warszawa;Centrum;d³uugo;145;2013-09-12;Œrednie zakupy;162;15;P04
Aleksandra Matulak;Warszawa;Centrum;d³uugo;161;2013-08-15;Du¿e zakupu;225;5;P04
Krystyna Noczulska;£ódŸ;Centrum;krótko;46;2013-10-01;Œrednie zakupy;129;2;P05
Krzysztof B¹k;Wroc³aw;Zachód;d³uugo;149;2013-08-12;Œrednie zakupy;118;6;P02
Krystyna Noczulska;£ódŸ;Centrum;d³uugo;132;2013-10-18;Du¿e zakupu;197;11;P05
Jan Kowalski;Warszawa;Centrum;krótko;4;2013-10-03;Œrednie zakupy;178;3;P01
Jan Kowalski;Warszawa;Centrum;krótko;50;2013-08-22;Du¿e zakupu;225;1;P01
Aleksandra Matulak;Warszawa;Centrum;d³uugo;149;2013-08-30;Œrednie zakupy;155;11;P04
Aleksandra Matulak;Warszawa;Centrum;d³uugo;143;2013-09-11;Niewielki zakupy;22;13;P04
Aleksandra Matulak;Warszawa;Centrum;œrednio;68;2013-08-24;Œrednie zakupy;112;1;P04
Pawe³ Panas;Rzeszów;Po³udnie;d³uugo;130;2013-10-08;Œrednie zakupy;120;4;P03
Aleksandra Matulak;Warszawa;Centrum;œrednio;98;2013-09-12;Niewielki zakupy;81;7;P04
Krzysztof B¹k;Wroc³aw;Zachód;krótko;3;2013-09-24;Niewielki zakupy;70;2;P02
Pawe³ Panas;Rzeszów;Po³udnie;krótko;48;2013-10-02;Du¿e zakupu;191;6;P03
Krzysztof B¹k;Wroc³aw;Zachód;œrednio;65;2013-10-10;Œrednie zakupy;177;3;P02
Jan Kowalski;Warszawa;Centrum;d³uugo;136;2013-09-02;Niewielki zakupy;56;10;P01
Aleksandra Matulak;Warszawa;Centrum;krótko;45;2013-10-23;Niewielki zakupy;34;6;P04
Krzysztof B¹k;Wroc³aw;Zachód;krótko;27;2013-08-28;Œrednie zakupy;118;15;P02
Krzysztof B¹k;Wroc³aw;Zachód;d³uugo;130;2013-09-15;Niewielki zakupy;20;5;P02
Krystyna Noczulska;£ódŸ;Centrum;œrednio;82;2013-08-18;Œrednie zakupy;136;7;P05
Krystyna Noczulska;£ódŸ;Centrum;d³uugo;157;2013-08-10;Niewielki zakupy;86;3;P05
Pawe³ Panas;Rzeszów;Po³udnie;œrednio;74;2013-09-24;Œrednie zakupy;154;11;P03
Pawe³ Panas;Rzeszów;Po³udnie;d³uugo;141;2013-09-13;Œrednie zakupy;175;7;P03
Pawe³ Panas;Rzeszów;Po³udnie;krótko;55;2013-08-08;Œrednie zakupy;91;8;P03
Aleksandra Matulak;Warszawa;Centrum;d³uugo;139;2013-10-28;Niewielki zakupy;78;8;P04
Pawe³ Panas;Rzeszów;Po³udnie;œrednio;112;2013-08-20;Niewielki zakupy;45;12;P03
Krzysztof B¹k;Wroc³aw;Zachód;œrednio;70;2013-09-03;Niewielki zakupy;56;9;P02
Aleksandra Matulak;Warszawa;Centrum;œrednio;94;2013-10-05;Niewielki zakupy;54;4;P04
Jan Kowalski;Warszawa;Centrum;œrednio;98;2013-10-29;Du¿e zakupu;224;5;P01
Pawe³ Panas;Rzeszów;Po³udnie;œrednio;74;2013-09-12;Du¿e zakupu;191;4;P03
Aleksandra Matulak;Warszawa;Centrum;d³uugo;123;2013-08-05;Niewielki zakupy;71;15;P04
Pawe³ Panas;Rzeszów;Po³udnie;d³uugo;171;2013-10-25;Œrednie zakupy;119;10;P03
Pawe³ Panas;Rzeszów;Po³udnie;krótko;5;2013-10-04;Œrednie zakupy;156;10;P03
Krzysztof B¹k;Wroc³aw;Zachód;œrednio;68;2013-09-18;Niewielki zakupy;68;15;P02
Aleksandra Matulak;Warszawa;Centrum;krótko;22;2013-10-28;Niewielki zakupy;53;15;P04
Krystyna Noczulska;£ódŸ;Centrum;d³uugo;134;2013-08-19;Œrednie zakupy;90;10;P05
Pawe³ Panas;Rzeszów;Po³udnie;d³uugo;140;2013-10-17;Œrednie zakupy;129;4;P03
Jan Kowalski;Warszawa;Centrum;œrednio;64;2013-10-23;Œrednie zakupy;95;10;P01
Pawe³ Panas;Rzeszów;Po³udnie;krótko;57;2013-09-19;Du¿e zakupu;185;5;P03
Pawe³ Panas;Rzeszów;Po³udnie;krótko;39;2013-10-08;Œrednie zakupy;131;10;P03
Pawe³ Panas;Rzeszów;Po³udnie;krótko;38;2013-10-27;Œrednie zakupy;173;11;P03
Aleksandra Matulak;Warszawa;Centrum;krótko;44;2013-09-02;Niewielki zakupy;40;7;P04
Pawe³ Panas;Rzeszów;Po³udnie;krótko;43;2013-10-22;Niewielki zakupy;21;6;P03
Krzysztof B¹k;Wroc³aw;Zachód;krótko;8;2013-08-14;Œrednie zakupy;133;8;P02
Krystyna Noczulska;£ódŸ;Centrum;krótko;35;2013-08-26;Du¿e zakupu;188;9;P05
Jan Kowalski;Warszawa;Centrum;krótko;30;2013-08-06;Niewielki zakupy;48;10;P01
Pawe³ Panas;Rzeszów;Po³udnie;œrednio;105;2013-08-14;Du¿e zakupu;203;7;P03
Jan Kowalski;Warszawa;Centrum;d³uugo;173;2013-10-20;Niewielki zakupy;86;4;P01
Jan Kowalski;Warszawa;Centrum;œrednio;105;2013-10-26;Niewielki zakupy;57;13;P01
Aleksandra Matulak;Warszawa;Centrum;d³uugo;148;2013-08-24;Du¿e zakupu;195;12;P04
Pawe³ Panas;Rzeszów;Po³udnie;œrednio;99;2013-10-20;Œrednie zakupy;121;3;P03
Pawe³ Panas;Rzeszów;Po³udnie;krótko;37;2013-10-06;Du¿e zakupu;220;8;P03
Krzysztof B¹k;Wroc³aw;Zachód;krótko;49;2013-10-29;Niewielki zakupy;80;14;P02
Krzysztof B¹k;Wroc³aw;Zachód;krótko;55;2013-08-30;Œrednie zakupy;178;6;P02
Aleksandra Matulak;Warszawa;Centrum;œrednio;118;2013-08-08;Niewielki zakupy;32;6;P04
Jan Kowalski;Warszawa;Centrum;œrednio;64;2013-10-25;Du¿e zakupu;221;15;P01
Aleksandra Matulak;Warszawa;Centrum;krótko;10;2013-08-11;Du¿e zakupu;206;10;P04
Jan Kowalski;Warszawa;Centrum;krótko;55;2013-09-10;Œrednie zakupy;129;11;P01
Pawe³ Panas;Rzeszów;Po³udnie;krótko;32;2013-09-10;Niewielki zakupy;53;15;P03
Jan Kowalski;Warszawa;Centrum;œrednio;94;2013-08-23;Niewielki zakupy;37;4;P01
Pawe³ Panas;Rzeszów;Po³udnie;d³uugo;121;2013-09-19;Œrednie zakupy;156;11;P03
Jan Kowalski;Warszawa;Centrum;krótko;24;2013-10-13;Niewielki zakupy;82;7;P01
Aleksandra Matulak;Warszawa;Centrum;d³uugo;151;2013-09-18;Niewielki zakupy;21;5;P04
Pawe³ Panas;Rzeszów;Po³udnie;d³uugo;171;2013-09-13;Œrednie zakupy;177;5;P03
Pawe³ Panas;Rzeszów;Po³udnie;d³uugo;146;2013-08-21;Du¿e zakupu;181;3;P03
Jan Kowalski;Warszawa;Centrum;krótko;42;2013-08-21;Niewielki zakupy;30;8;P01
Krystyna Noczulska;£ódŸ;Centrum;krótko;41;2013-08-16;Du¿e zakupu;200;6;P05
Krystyna Noczulska;£ódŸ;Centrum;d³uugo;163;2013-09-21;Niewielki zakupy;32;14;P05
Pawe³ Panas;Rzeszów;Po³udnie;œrednio;68;2013-08-19;Niewielki zakupy;32;6;P03
Aleksandra Matulak;Warszawa;Centrum;d³uugo;154;2013-09-08;Œrednie zakupy;165;15;P04
Aleksandra Matulak;Warszawa;Centrum;d³uugo;124;2013-08-15;Du¿e zakupu;208;11;P04
Jan Kowalski;Warszawa;Centrum;krótko;24;2013-08-18;Du¿e zakupu;191;9;P01
Aleksandra Matulak;Warszawa;Centrum;œrednio;95;2013-08-17;Niewielki zakupy;62;8;P04
Aleksandra Matulak;Warszawa;Centrum;d³uugo;139;2013-08-28;Du¿e zakupu;198;15;P04
Aleksandra Matulak;Warszawa;Centrum;krótko;15;2013-08-14;Niewielki zakupy;70;13;P04
Krzysztof B¹k;Wroc³aw;Zachód;d³uugo;122;2013-10-30;Du¿e zakupu;208;3;P02
Krzysztof B¹k;Wroc³aw;Zachód;œrednio;75;2013-09-14;Niewielki zakupy;57;9;P02
Aleksandra Matulak;Warszawa;Centrum;d³uugo;124;2013-10-29;Niewielki zakupy;80;10;P04
Aleksandra Matulak;Warszawa;Centrum;œrednio;60;2013-09-19;Œrednie zakupy;126;3;P04
Krystyna Noczulska;£ódŸ;Centrum;d³uugo;174;2013-08-13;Œrednie zakupy;101;3;P05
Krzysztof B¹k;Wroc³aw;Zachód;krótko;24;2013-10-08;Niewielki zakupy;49;1;P02
Aleksandra Matulak;Warszawa;Centrum;d³uugo;159;2013-08-08;Du¿e zakupu;213;7;P04
Jan Kowalski;Warszawa;Centrum;d³uugo;121;2013-10-03;Niewielki zakupy;81;15;P01
Jan Kowalski;Warszawa;Centrum;krótko;17;2013-09-21;Œrednie zakupy;150;9;P01
Jan Kowalski;Warszawa;Centrum;krótko;13;2013-09-23;Niewielki zakupy;20;14;P01
Jan Kowalski;Warszawa;Centrum;œrednio;94;2013-09-21;Du¿e zakupu;184;7;P01
Pawe³ Panas;Rzeszów;Po³udnie;d³uugo;162;2013-10-06;Niewielki zakupy;88;2;P03
Krzysztof B¹k;Wroc³aw;Zachód;œrednio;83;2013-10-22;Niewielki zakupy;59;3;P02
Aleksandra Matulak;Warszawa;Centrum;d³uugo;174;2013-08-02;Niewielki zakupy;73;1;P04
Jan Kowalski;Warszawa;Centrum;œrednio;94;2013-08-22;Niewielki zakupy;29;12;P01
Pawe³ Panas;Rzeszów;Po³udnie;œrednio;64;2013-09-15;Œrednie zakupy;173;5;P03
Pawe³ Panas;Rzeszów;Po³udnie;d³uugo;157;2013-09-25;Œrednie zakupy;109;1;P03
Krzysztof B¹k;Wroc³aw;Zachód;krótko;20;2013-08-07;Œrednie zakupy;170;8;P02
Jan Kowalski;Warszawa;Centrum;œrednio;90;2013-08-28;Œrednie zakupy;154;15;P01
Krzysztof B¹k;Wroc³aw;Zachód;krótko;36;2013-10-17;Niewielki zakupy;60;3;P02
Jan Kowalski;Warszawa;Centrum;d³uugo;165;2013-08-14;Niewielki zakupy;49;12;P01
Krystyna Noczulska;£ódŸ;Centrum;krótko;23;2013-09-14;Niewielki zakupy;37;10;P05
Jan Kowalski;Warszawa;Centrum;œrednio;115;2013-08-04;Du¿e zakupu;181;2;P01
Aleksandra Matulak;Warszawa;Centrum;krótko;38;2013-10-09;Niewielki zakupy;41;8;P04
Pawe³ Panas;Rzeszów;Po³udnie;œrednio;63;2013-09-15;Œrednie zakupy;136;11;P03
Pawe³ Panas;Rzeszów;Po³udnie;œrednio;62;2013-08-23;Du¿e zakupu;209;15;P03
Pawe³ Panas;Rzeszów;Po³udnie;krótko;59;2013-09-05;Œrednie zakupy;117;3;P03
Jan Kowalski;Warszawa;Centrum;d³uugo;139;2013-09-30;Niewielki zakupy;53;13;P01
Krzysztof B¹k;Wroc³aw;Zachód;œrednio;75;2013-09-28;Du¿e zakupu;187;14;P02
Krystyna Noczulska;£ódŸ;Centrum;krótko;29;2013-08-16;Niewielki zakupy;87;9;P05
Jan Kowalski;Warszawa;Centrum;d³uugo;125;2013-09-06;Du¿e zakupu;224;13;P01
Krystyna Noczulska;£ódŸ;Centrum;œrednio;103;2013-09-30;Niewielki zakupy;74;12;P05
Aleksandra Matulak;Warszawa;Centrum;œrednio;70;2013-08-21;Œrednie zakupy;97;15;P04
Pawe³ Panas;Rzeszów;Po³udnie;krótko;43;2013-10-07;Œrednie zakupy;111;2;P03
Krzysztof B¹k;Wroc³aw;Zachód;d³uugo;161;2013-08-15;Du¿e zakupu;201;5;P02
Aleksandra Matulak;Warszawa;Centrum;œrednio;67;2013-10-26;Œrednie zakupy;122;1;P04
Krzysztof B¹k;Wroc³aw;Zachód;krótko;15;2013-08-08;Œrednie zakupy;128;8;P02
Krystyna Noczulska;£ódŸ;Centrum;krótko;20;2013-08-27;Œrednie zakupy;126;6;P05
Jan Kowalski;Warszawa;Centrum;d³uugo;152;2013-08-04;Du¿e zakupu;197;12;P01
Krzysztof B¹k;Wroc³aw;Zachód;krótko;20;2013-10-28;Niewielki zakupy;75;15;P02
Krystyna Noczulska;£ódŸ;Centrum;d³uugo;135;2013-08-10;Du¿e zakupu;216;2;P05
Aleksandra Matulak;Warszawa;Centrum;œrednio;103;2013-08-29;Œrednie zakupy;155;15;P04
Krystyna Noczulska;£ódŸ;Centrum;krótko;7;2013-10-20;Niewielki zakupy;54;11;P05
Aleksandra Matulak;Warszawa;Centrum;d³uugo;161;2013-10-25;Niewielki zakupy;47;14;P04
Pawe³ Panas;Rzeszów;Po³udnie;d³uugo;158;2013-10-02;Niewielki zakupy;46;2;P03
Jan Kowalski;Warszawa;Centrum;krótko;5;2013-10-16;Œrednie zakupy;161;14;P01
Aleksandra Matulak;Warszawa;Centrum;d³uugo;163;2013-08-26;Niewielki zakupy;31;5;P04
Pawe³ Panas;Rzeszów;Po³udnie;œrednio;113;2013-08-20;Œrednie zakupy;131;8;P03
Krzysztof B¹k;Wroc³aw;Zachód;œrednio;85;2013-08-25;Œrednie zakupy;137;5;P02
Jan Kowalski;Warszawa;Centrum;d³uugo;132;2013-09-17;Du¿e zakupu;202;3;P01
Jan Kowalski;Warszawa;Centrum;d³uugo;179;2013-10-16;Œrednie zakupy;136;4;P01
Krzysztof B¹k;Wroc³aw;Zachód;krótko;13;2013-08-14;Œrednie zakupy;114;10;P02
Krystyna Noczulska;£ódŸ;Centrum;krótko;54;2013-10-17;Niewielki zakupy;20;13;P05
Krzysztof B¹k;Wroc³aw;Zachód;œrednio;61;2013-10-14;Œrednie zakupy;164;9;P02
Krystyna Noczulska;£ódŸ;Centrum;d³uugo;141;2013-10-28;Du¿e zakupu;223;13;P05
Krystyna Noczulska;£ódŸ;Centrum;œrednio;110;2013-09-27;Œrednie zakupy;103;10;P05
Krystyna Noczulska;£ódŸ;Centrum;krótko;3;2013-10-06;Du¿e zakupu;209;3;P05
Jan Kowalski;Warszawa;Centrum;œrednio;91;2013-09-26;Niewielki zakupy;89;11;P01
Pawe³ Panas;Rzeszów;Po³udnie;d³uugo;149;2013-10-30;Du¿e zakupu;216;15;P03
Aleksandra Matulak;Warszawa;Centrum;d³uugo;173;2013-10-15;Niewielki zakupy;64;1;P04
Krzysztof B¹k;Wroc³aw;Zachód;krótko;29;2013-09-19;Niewielki zakupy;66;7;P02
Aleksandra Matulak;Warszawa;Centrum;d³uugo;130;2013-08-30;Du¿e zakupu;210;6;P04
Aleksandra Matulak;Warszawa;Centrum;d³uugo;164;2013-08-23;Du¿e zakupu;214;2;P04
Aleksandra Matulak;Warszawa;Centrum;krótko;44;2013-10-27;Œrednie zakupy;120;5;P04
Pawe³ Panas;Rzeszów;Po³udnie;d³uugo;151;2013-09-12;Niewielki zakupy;63;3;P03
Krystyna Noczulska;£ódŸ;Centrum;krótko;1;2013-10-06;Niewielki zakupy;37;14;P05
Pawe³ Panas;Rzeszów;Po³udnie;œrednio;93;2013-08-05;Œrednie zakupy;120;12;P03
Pawe³ Panas;Rzeszów;Po³udnie;krótko;27;2013-08-06;Œrednie zakupy;124;10;P03
Aleksandra Matulak;Warszawa;Centrum;d³uugo;122;2013-10-09;Œrednie zakupy;128;11;P04
Krystyna Noczulska;£ódŸ;Centrum;œrednio;70;2013-09-25;Du¿e zakupu;183;12;P05
Krystyna Noczulska;£ódŸ;Centrum;krótko;56;2013-08-06;Œrednie zakupy;150;4;P05
Krystyna Noczulska;£ódŸ;Centrum;œrednio;88;2013-08-23;Œrednie zakupy;105;2;P05
Pawe³ Panas;Rzeszów;Po³udnie;œrednio;93;2013-08-01;Niewielki zakupy;53;6;P03
Jan Kowalski;Warszawa;Centrum;œrednio;111;2013-08-01;Œrednie zakupy;110;8;P01
Aleksandra Matulak;Warszawa;Centrum;œrednio;84;2013-10-05;Du¿e zakupu;183;5;P04
Jan Kowalski;Warszawa;Centrum;krótko;1;2013-09-22;Œrednie zakupy;158;7;P01
Pawe³ Panas;Rzeszów;Po³udnie;d³uugo;147;2013-09-15;Œrednie zakupy;116;1;P03
Krzysztof B¹k;Wroc³aw;Zachód;d³uugo;164;2013-08-06;Niewielki zakupy;74;4;P02
Pawe³ Panas;Rzeszów;Po³udnie;krótko;48;2013-09-22;Niewielki zakupy;23;8;P03
Pawe³ Panas;Rzeszów;Po³udnie;krótko;26;2013-08-14;Œrednie zakupy;130;7;P03
Krzysztof B¹k;Wroc³aw;Zachód;d³uugo;176;2013-09-27;Œrednie zakupy;141;11;P02
Pawe³ Panas;Rzeszów;Po³udnie;krótko;36;2013-08-24;Œrednie zakupy;155;14;P03
Aleksandra Matulak;Warszawa;Centrum;œrednio;106;2013-08-08;Niewielki zakupy;59;11;P04
Jan Kowalski;Warszawa;Centrum;d³uugo;135;2013-09-05;Niewielki zakupy;86;5;P01
Krystyna Noczulska;£ódŸ;Centrum;œrednio;62;2013-08-15;Du¿e zakupu;207;6;P05
Aleksandra Matulak;Warszawa;Centrum;d³uugo;121;2013-08-12;Du¿e zakupu;218;11;P04
Krzysztof B¹k;Wroc³aw;Zachód;œrednio;100;2013-10-28;Œrednie zakupy;105;3;P02
Jan Kowalski;Warszawa;Centrum;d³uugo;132;2013-09-29;Niewielki zakupy;44;14;P01
Pawe³ Panas;Rzeszów;Po³udnie;d³uugo;135;2013-10-29;Niewielki zakupy;42;1;P03
Jan Kowalski;Warszawa;Centrum;œrednio;83;2013-10-24;Œrednie zakupy;107;7;P01
Jan Kowalski;Warszawa;Centrum;œrednio;87;2013-09-05;Niewielki zakupy;46;10;P01
Aleksandra Matulak;Warszawa;Centrum;krótko;2;2013-09-21;Niewielki zakupy;72;10;P04
Krzysztof B¹k;Wroc³aw;Zachód;d³uugo;175;2013-10-16;Œrednie zakupy;170;7;P02
Krystyna Noczulska;£ódŸ;Centrum;œrednio;91;2013-08-23;Œrednie zakupy;154;8;P05
Jan Kowalski;Warszawa;Centrum;krótko;55;2013-10-01;Niewielki zakupy;46;9;P01
Krystyna Noczulska;£ódŸ;Centrum;œrednio;95;2013-09-17;Du¿e zakupu;182;15;P05
Aleksandra Matulak;Warszawa;Centrum;krótko;10;2013-08-20;Œrednie zakupy;105;10;P04
Pawe³ Panas;Rzeszów;Po³udnie;d³uugo;137;2013-08-28;Œrednie zakupy;133;3;P03
Krystyna Noczulska;£ódŸ;Centrum;krótko;46;2013-10-01;Du¿e zakupu;213;6;P05
Jan Kowalski;Warszawa;Centrum;krótko;36;2013-10-18;Du¿e zakupu;201;6;P01
Jan Kowalski;Warszawa;Centrum;krótko;23;2013-10-04;Du¿e zakupu;225;2;P01
Pawe³ Panas;Rzeszów;Po³udnie;d³uugo;170;2013-10-28;Niewielki zakupy;45;8;P03
Pawe³ Panas;Rzeszów;Po³udnie;œrednio;68;2013-08-19;Œrednie zakupy;130;8;P03
Jan Kowalski;Warszawa;Centrum;krótko;44;2013-09-22;Œrednie zakupy;144;6;P01
Krystyna Noczulska;£ódŸ;Centrum;œrednio;90;2013-09-12;Œrednie zakupy;169;4;P05
Aleksandra Matulak;Warszawa;Centrum;d³uugo;146;2013-10-27;Œrednie zakupy;158;2;P04
Aleksandra Matulak;Warszawa;Centrum;d³uugo;124;2013-08-04;Niewielki zakupy;48;11;P04
Krystyna Noczulska;£ódŸ;Centrum;d³uugo;158;2013-09-23;Niewielki zakupy;28;9;P05
Krystyna Noczulska;£ódŸ;Centrum;œrednio;112;2013-09-17;Niewielki zakupy;44;7;P05
Pawe³ Panas;Rzeszów;Po³udnie;krótko;8;2013-10-30;Œrednie zakupy;168;3;P03
Aleksandra Matulak;Warszawa;Centrum;œrednio;92;2013-10-09;Œrednie zakupy;152;15;P04
Pawe³ Panas;Rzeszów;Po³udnie;krótko;36;2013-09-22;Œrednie zakupy;177;5;P03
Aleksandra Matulak;Warszawa;Centrum;krótko;12;2013-10-13;Œrednie zakupy;150;4;P04
Jan Kowalski;Warszawa;Centrum;krótko;12;2013-10-15;Œrednie zakupy;172;12;P01
Krzysztof B¹k;Wroc³aw;Zachód;krótko;33;2013-08-13;Niewielki zakupy;78;4;P02
Aleksandra Matulak;Warszawa;Centrum;d³uugo;177;2013-10-07;Œrednie zakupy;90;4;P04
Jan Kowalski;Warszawa;Centrum;œrednio;112;2013-09-26;Œrednie zakupy;101;12;P01
Aleksandra Matulak;Warszawa;Centrum;d³uugo;179;2013-10-27;Du¿e zakupu;211;9;P04
Jan Kowalski;Warszawa;Centrum;d³uugo;125;2013-08-01;Œrednie zakupy;103;9;P01
Pawe³ Panas;Rzeszów;Po³udnie;d³uugo;158;2013-08-28;Œrednie zakupy;139;5;P03
Aleksandra Matulak;Warszawa;Centrum;krótko;46;2013-08-14;Du¿e zakupu;185;15;P04
Jan Kowalski;Warszawa;Centrum;d³uugo;141;2013-08-13;Niewielki zakupy;55;5;P01
Krystyna Noczulska;£ódŸ;Centrum;œrednio;81;2013-10-04;Niewielki zakupy;25;5;P05
Jan Kowalski;Warszawa;Centrum;d³uugo;151;2013-10-10;Œrednie zakupy;132;12;P01
Pawe³ Panas;Rzeszów;Po³udnie;d³uugo;165;2013-10-25;Niewielki zakupy;59;13;P03
Pawe³ Panas;Rzeszów;Po³udnie;d³uugo;169;2013-10-07;Œrednie zakupy;119;4;P03
Pawe³ Panas;Rzeszów;Po³udnie;œrednio;75;2013-09-15;Niewielki zakupy;58;9;P03
Krzysztof B¹k;Wroc³aw;Zachód;d³uugo;146;2013-08-08;Œrednie zakupy;170;11;P02
Aleksandra Matulak;Warszawa;Centrum;œrednio;72;2013-10-22;Du¿e zakupu;188;13;P04
Krzysztof B¹k;Wroc³aw;Zachód;œrednio;85;2013-10-07;Niewielki zakupy;40;12;P02
Krzysztof B¹k;Wroc³aw;Zachód;œrednio;60;2013-08-11;Niewielki zakupy;23;6;P02
Jan Kowalski;Warszawa;Centrum;œrednio;86;2013-09-12;Niewielki zakupy;70;4;P01
Aleksandra Matulak;Warszawa;Centrum;krótko;24;2013-08-24;Œrednie zakupy;130;15;P04
Aleksandra Matulak;Warszawa;Centrum;œrednio;93;2013-10-25;Niewielki zakupy;75;14;P04
Krystyna Noczulska;£ódŸ;Centrum;krótko;15;2013-10-08;Du¿e zakupu;216;10;P05
Jan Kowalski;Warszawa;Centrum;d³uugo;130;2013-08-30;Niewielki zakupy;27;9;P01
Krzysztof B¹k;Wroc³aw;Zachód;krótko;45;2013-10-11;Du¿e zakupu;223;14;P02
Krystyna Noczulska;£ódŸ;Centrum;d³uugo;124;2013-09-29;Œrednie zakupy;126;14;P05
Aleksandra Matulak;Warszawa;Centrum;krótko;31;2013-10-05;Œrednie zakupy;117;12;P04
Krzysztof B¹k;Wroc³aw;Zachód;d³uugo;145;2013-08-07;Niewielki zakupy;22;14;P02
Krzysztof B¹k;Wroc³aw;Zachód;d³uugo;166;2013-08-10;Niewielki zakupy;58;13;P02
Aleksandra Matulak;Warszawa;Centrum;d³uugo;157;2013-08-09;Niewielki zakupy;84;15;P04
Krzysztof B¹k;Wroc³aw;Zachód;œrednio;114;2013-10-19;Œrednie zakupy;156;14;P02
Krystyna Noczulska;£ódŸ;Centrum;krótko;29;2013-08-06;Niewielki zakupy;68;15;P05
Aleksandra Matulak;Warszawa;Centrum;d³uugo;160;2013-10-09;Du¿e zakupu;203;4;P04
Aleksandra Matulak;Warszawa;Centrum;œrednio;103;2013-08-12;Niewielki zakupy;43;13;P04
Jan Kowalski;Warszawa;Centrum;d³uugo;127;2013-08-11;Du¿e zakupu;205;3;P01
Krzysztof B¹k;Wroc³aw;Zachód;œrednio;107;2013-08-18;Œrednie zakupy;169;8;P02
Pawe³ Panas;Rzeszów;Po³udnie;œrednio;74;2013-09-27;Niewielki zakupy;82;12;P03
Aleksandra Matulak;Warszawa;Centrum;d³uugo;156;2013-08-26;Niewielki zakupy;49;8;P04
Jan Kowalski;Warszawa;Centrum;d³uugo;177;2013-10-14;Œrednie zakupy;138;6;P01
Pawe³ Panas;Rzeszów;Po³udnie;œrednio;67;2013-10-16;Niewielki zakupy;27;13;P03
Aleksandra Matulak;Warszawa;Centrum;krótko;36;2013-08-10;Niewielki zakupy;84;12;P04
Krystyna Noczulska;£ódŸ;Centrum;krótko;46;2013-10-08;Du¿e zakupu;225;13;P05
Pawe³ Panas;Rzeszów;Po³udnie;œrednio;68;2013-08-12;Niewielki zakupy;27;7;P03
Pawe³ Panas;Rzeszów;Po³udnie;d³uugo;131;2013-10-09;Niewielki zakupy;21;9;P03
Krzysztof B¹k;Wroc³aw;Zachód;d³uugo;167;2013-09-06;Œrednie zakupy;112;4;P02
Krystyna Noczulska;£ódŸ;Centrum;krótko;48;2013-10-19;Niewielki zakupy;27;15;P05
Krzysztof B¹k;Wroc³aw;Zachód;d³uugo;136;2013-10-20;Niewielki zakupy;83;14;P02
Krzysztof B¹k;Wroc³aw;Zachód;d³uugo;145;2013-09-09;Niewielki zakupy;24;9;P02
Pawe³ Panas;Rzeszów;Po³udnie;œrednio;84;2013-09-16;Du¿e zakupu;208;12;P03
Aleksandra Matulak;Warszawa;Centrum;krótko;23;2013-09-12;Œrednie zakupy;137;14;P04
Jan Kowalski;Warszawa;Centrum;krótko;7;2013-08-18;Œrednie zakupy;179;6;P01
Aleksandra Matulak;Warszawa;Centrum;d³uugo;176;2013-08-11;Du¿e zakupu;187;12;P04
Jan Kowalski;Warszawa;Centrum;krótko;26;2013-09-19;Œrednie zakupy;167;9;P01
Pawe³ Panas;Rzeszów;Po³udnie;d³uugo;122;2013-10-06;Œrednie zakupy;121;8;P03
Pawe³ Panas;Rzeszów;Po³udnie;krótko;28;2013-08-29;Œrednie zakupy;177;11;P03
Krzysztof B¹k;Wroc³aw;Zachód;krótko;25;2013-09-19;Œrednie zakupy;137;5;P02
Aleksandra Matulak;Warszawa;Centrum;krótko;33;2013-09-11;Œrednie zakupy;172;5;P04
Aleksandra Matulak;Warszawa;Centrum;d³uugo;179;2013-10-26;Œrednie zakupy;131;14;P04
Pawe³ Panas;Rzeszów;Po³udnie;œrednio;96;2013-09-08;Du¿e zakupu;201;14;P03
Jan Kowalski;Warszawa;Centrum;d³uugo;151;2013-10-08;Niewielki zakupy;61;6;P01
Krzysztof B¹k;Wroc³aw;Zachód;krótko;3;2013-10-05;Œrednie zakupy;179;1;P02
Krystyna Noczulska;£ódŸ;Centrum;d³uugo;128;2013-08-22;Œrednie zakupy;142;6;P05
Krzysztof B¹k;Wroc³aw;Zachód;d³uugo;127;2013-08-28;Œrednie zakupy;130;10;P02
Aleksandra Matulak;Warszawa;Centrum;krótko;15;2013-08-28;Niewielki zakupy;54;5;P04
Krzysztof B¹k;Wroc³aw;Zachód;d³uugo;157;2013-09-04;Niewielki zakupy;89;15;P02
Aleksandra Matulak;Warszawa;Centrum;d³uugo;132;2013-09-15;Du¿e zakupu;204;13;P04
Krzysztof B¹k;Wroc³aw;Zachód;krótko;24;2013-09-26;Niewielki zakupy;29;6;P02
Krystyna Noczulska;£ódŸ;Centrum;d³uugo;157;2013-10-30;Œrednie zakupy;134;10;P05
Pawe³ Panas;Rzeszów;Po³udnie;d³uugo;154;2013-09-25;Œrednie zakupy;164;4;P03
Aleksandra Matulak;Warszawa;Centrum;œrednio;112;2013-08-12;Niewielki zakupy;52;11;P04
Krystyna Noczulska;£ódŸ;Centrum;krótko;50;2013-08-30;Œrednie zakupy;156;6;P05
Krzysztof B¹k;Wroc³aw;Zachód;œrednio;114;2013-10-25;Niewielki zakupy;74;13;P02
Jan Kowalski;Warszawa;Centrum;d³uugo;156;2013-10-24;Œrednie zakupy;120;15;P01
Krystyna Noczulska;£ódŸ;Centrum;œrednio;86;2013-09-02;Niewielki zakupy;65;14;P05
Jan Kowalski;Warszawa;Centrum;d³uugo;147;2013-10-04;Niewielki zakupy;37;7;P01
Pawe³ Panas;Rzeszów;Po³udnie;œrednio;61;2013-08-04;Œrednie zakupy;171;6;P03
Krzysztof B¹k;Wroc³aw;Zachód;krótko;24;2013-10-12;Niewielki zakupy;46;4;P02
Pawe³ Panas;Rzeszów;Po³udnie;œrednio;65;2013-08-17;Œrednie zakupy;116;6;P03
Krystyna Noczulska;£ódŸ;Centrum;œrednio;100;2013-10-25;Œrednie zakupy;133;4;P05
Aleksandra Matulak;Warszawa;Centrum;krótko;51;2013-10-26;Du¿e zakupu;185;4;P04
Krystyna Noczulska;£ódŸ;Centrum;krótko;29;2013-08-13;Niewielki zakupy;50;4;P05
Krzysztof B¹k;Wroc³aw;Zachód;d³uugo;179;2013-10-14;Du¿e zakupu;219;1;P02
Aleksandra Matulak;Warszawa;Centrum;d³uugo;152;2013-09-12;Du¿e zakupu;210;4;P04
Jan Kowalski;Warszawa;Centrum;d³uugo;122;2013-10-05;Du¿e zakupu;182;9;P01
Jan Kowalski;Warszawa;Centrum;krótko;35;2013-08-14;Œrednie zakupy;135;3;P01
Krystyna Noczulska;£ódŸ;Centrum;œrednio;87;2013-09-10;Œrednie zakupy;115;9;P05
Krzysztof B¹k;Wroc³aw;Zachód;krótko;30;2013-08-30;Du¿e zakupu;209;10;P02
Krzysztof B¹k;Wroc³aw;Zachód;d³uugo;131;2013-10-01;Œrednie zakupy;173;13;P02
Jan Kowalski;Warszawa;Centrum;d³uugo;137;2013-10-01;Œrednie zakupy;155;6;P01
Pawe³ Panas;Rzeszów;Po³udnie;krótko;16;2013-10-02;Œrednie zakupy;112;12;P03
Pawe³ Panas;Rzeszów;Po³udnie;krótko;56;2013-09-28;Du¿e zakupu;203;6;P03
Krzysztof B¹k;Wroc³aw;Zachód;d³uugo;169;2013-10-24;Niewielki zakupy;25;11;P02
Krystyna Noczulska;£ódŸ;Centrum;krótko;10;2013-08-22;Niewielki zakupy;80;12;P05
Aleksandra Matulak;Warszawa;Centrum;krótko;21;2013-10-01;Niewielki zakupy;56;15;P04
Pawe³ Panas;Rzeszów;Po³udnie;krótko;4;2013-08-31;Du¿e zakupu;224;13;P03
Krystyna Noczulska;£ódŸ;Centrum;d³uugo;123;2013-10-13;Œrednie zakupy;166;3;P05
Pawe³ Panas;Rzeszów;Po³udnie;œrednio;91;2013-08-21;Niewielki zakupy;75;12;P03
Aleksandra Matulak;Warszawa;Centrum;krótko;16;2013-09-15;Du¿e zakupu;211;3;P04
Pawe³ Panas;Rzeszów;Po³udnie;d³uugo;139;2013-09-01;Niewielki zakupy;87;11;P03
Krystyna Noczulska;£ódŸ;Centrum;d³uugo;144;2013-10-13;Niewielki zakupy;33;11;P05
Aleksandra Matulak;Warszawa;Centrum;œrednio;112;2013-08-18;Œrednie zakupy;108;14;P04
Krystyna Noczulska;£ódŸ;Centrum;d³uugo;179;2013-09-22;Œrednie zakupy;95;12;P05
Pawe³ Panas;Rzeszów;Po³udnie;krótko;35;2013-08-29;Niewielki zakupy;87;5;P03
Pawe³ Panas;Rzeszów;Po³udnie;d³uugo;139;2013-08-09;Œrednie zakupy;170;8;P03
Jan Kowalski;Warszawa;Centrum;œrednio;74;2013-08-27;Niewielki zakupy;70;4;P01
Krystyna Noczulska;£ódŸ;Centrum;d³uugo;144;2013-09-29;Du¿e zakupu;198;11;P05
Krystyna Noczulska;£ódŸ;Centrum;œrednio;79;2013-09-29;Du¿e zakupu;196;2;P05
Krystyna Noczulska;£ódŸ;Centrum;d³uugo;138;2013-08-20;Du¿e zakupu;188;7;P05
Jan Kowalski;Warszawa;Centrum;œrednio;79;2013-10-20;Œrednie zakupy;145;1;P01
Krzysztof B¹k;Wroc³aw;Zachód;krótko;12;2013-09-30;Niewielki zakupy;77;15;P02
Krzysztof B¹k;Wroc³aw;Zachód;œrednio;69;2013-09-18;Œrednie zakupy;92;13;P02
Aleksandra Matulak;Warszawa;Centrum;d³uugo;132;2013-10-19;Niewielki zakupy;89;3;P04
Krzysztof B¹k;Wroc³aw;Zachód;krótko;14;2013-10-08;Niewielki zakupy;76;9;P02
Aleksandra Matulak;Warszawa;Centrum;œrednio;68;2013-08-16;Niewielki zakupy;41;3;P04
Aleksandra Matulak;Warszawa;Centrum;d³uugo;164;2013-10-02;Œrednie zakupy;140;11;P04
Pawe³ Panas;Rzeszów;Po³udnie;d³uugo;152;2013-10-26;Œrednie zakupy;123;10;P03
Jan Kowalski;Warszawa;Centrum;krótko;54;2013-10-04;Œrednie zakupy;122;14;P01
Krzysztof B¹k;Wroc³aw;Zachód;krótko;37;2013-09-09;Œrednie zakupy;157;2;P02
Aleksandra Matulak;Warszawa;Centrum;krótko;42;2013-08-05;Œrednie zakupy;102;15;P04
Krzysztof B¹k;Wroc³aw;Zachód;krótko;41;2013-08-02;Niewielki zakupy;78;6;P02
Krystyna Noczulska;£ódŸ;Centrum;œrednio;116;2013-08-31;Niewielki zakupy;72;9;P05
Pawe³ Panas;Rzeszów;Po³udnie;krótko;55;2013-08-09;Du¿e zakupu;196;8;P03
Krystyna Noczulska;£ódŸ;Centrum;d³uugo;130;2013-08-15;Œrednie zakupy;160;6;P05
Krystyna Noczulska;£ódŸ;Centrum;œrednio;115;2013-09-17;Niewielki zakupy;30;10;P05
Krystyna Noczulska;£ódŸ;Centrum;krótko;42;2013-09-28;Niewielki zakupy;43;5;P05
Krystyna Noczulska;£ódŸ;Centrum;d³uugo;149;2013-08-03;Du¿e zakupu;182;6;P05
Krzysztof B¹k;Wroc³aw;Zachód;œrednio;101;2013-09-04;Œrednie zakupy;134;14;P02
Jan Kowalski;Warszawa;Centrum;œrednio;102;2013-09-28;Du¿e zakupu;218;8;P01
Krystyna Noczulska;£ódŸ;Centrum;krótko;7;2013-09-25;Œrednie zakupy;131;11;P05
Aleksandra Matulak;Warszawa;Centrum;d³uugo;158;2013-10-08;Du¿e zakupu;224;7;P04
Krystyna Noczulska;£ódŸ;Centrum;d³uugo;162;2013-09-14;Niewielki zakupy;26;10;P05
Aleksandra Matulak;Warszawa;Centrum;œrednio;108;2013-10-29;Niewielki zakupy;81;12;P04
Jan Kowalski;Warszawa;Centrum;krótko;37;2013-09-14;Du¿e zakupu;192;8;P01
Krzysztof B¹k;Wroc³aw;Zachód;œrednio;111;2013-10-27;Niewielki zakupy;69;2;P02
Krzysztof B¹k;Wroc³aw;Zachód;œrednio;82;2013-08-09;Niewielki zakupy;49;12;P02
Aleksandra Matulak;Warszawa;Centrum;œrednio;85;2013-08-22;Niewielki zakupy;33;13;P04
Pawe³ Panas;Rzeszów;Po³udnie;d³uugo;171;2013-10-17;Œrednie zakupy;139;1;P03
Krzysztof B¹k;Wroc³aw;Zachód;œrednio;73;2013-08-04;Niewielki zakupy;39;2;P02
Krzysztof B¹k;Wroc³aw;Zachód;d³uugo;165;2013-10-16;Du¿e zakupu;192;7;P02
Jan Kowalski;Warszawa;Centrum;krótko;50;2013-10-07;Du¿e zakupu;197;1;P01
Aleksandra Matulak;Warszawa;Centrum;krótko;5;2013-09-30;Œrednie zakupy;118;1;P04
Pawe³ Panas;Rzeszów;Po³udnie;d³uugo;162;2013-09-13;Œrednie zakupy;163;9;P03
Krzysztof B¹k;Wroc³aw;Zachód;d³uugo;147;2013-10-06;Niewielki zakupy;61;13;P02
Pawe³ Panas;Rzeszów;Po³udnie;krótko;46;2013-10-04;Niewielki zakupy;57;13;P03
Krystyna Noczulska;£ódŸ;Centrum;krótko;31;2013-09-01;Du¿e zakupu;218;9;P05
Krystyna Noczulska;£ódŸ;Centrum;d³uugo;125;2013-10-01;Œrednie zakupy;173;6;P05
Pawe³ Panas;Rzeszów;Po³udnie;œrednio;87;2013-09-08;Niewielki zakupy;23;1;P03
Aleksandra Matulak;Warszawa;Centrum;d³uugo;139;2013-10-28;Niewielki zakupy;64;3;P04
Pawe³ Panas;Rzeszów;Po³udnie;d³uugo;125;2013-09-06;Œrednie zakupy;169;10;P03
Jan Kowalski;Warszawa;Centrum;krótko;34;2013-08-17;Œrednie zakupy;112;6;P01
Krzysztof B¹k;Wroc³aw;Zachód;œrednio;75;2013-10-17;Du¿e zakupu;186;15;P02
Krzysztof B¹k;Wroc³aw;Zachód;krótko;29;2013-09-07;Œrednie zakupy;108;14;P02
Krystyna Noczulska;£ódŸ;Centrum;d³uugo;131;2013-09-14;Du¿e zakupu;211;3;P05
Krzysztof B¹k;Wroc³aw;Zachód;d³uugo;137;2013-10-27;Œrednie zakupy;169;8;P02
Krystyna Noczulska;£ódŸ;Centrum;œrednio;67;2013-10-04;Œrednie zakupy;121;9;P05
Jan Kowalski;Warszawa;Centrum;œrednio;91;2013-10-14;Niewielki zakupy;34;6;P01
Pawe³ Panas;Rzeszów;Po³udnie;d³uugo;153;2013-10-03;Du¿e zakupu;202;5;P03
Krzysztof B¹k;Wroc³aw;Zachód;d³uugo;163;2013-10-09;Du¿e zakupu;186;11;P02
Pawe³ Panas;Rzeszów;Po³udnie;d³uugo;133;2013-10-01;Du¿e zakupu;212;8;P03
Krystyna Noczulska;£ódŸ;Centrum;d³uugo;122;2013-08-02;Du¿e zakupu;193;8;P05
Krystyna Noczulska;£ódŸ;Centrum;œrednio;115;2013-10-06;Œrednie zakupy;153;4;P05
Pawe³ Panas;Rzeszów;Po³udnie;œrednio;113;2013-09-17;Niewielki zakupy;72;14;P03
Pawe³ Panas;Rzeszów;Po³udnie;krótko;35;2013-09-21;Niewielki zakupy;84;9;P03
Krystyna Noczulska;£ódŸ;Centrum;krótko;17;2013-08-17;Niewielki zakupy;42;3;P05
Krzysztof B¹k;Wroc³aw;Zachód;œrednio;71;2013-08-20;Niewielki zakupy;35;1;P02
Krzysztof B¹k;Wroc³aw;Zachód;œrednio;72;2013-10-24;Œrednie zakupy;117;6;P02
Pawe³ Panas;Rzeszów;Po³udnie;œrednio;102;2013-10-19;Œrednie zakupy;129;8;P03
Aleksandra Matulak;Warszawa;Centrum;œrednio;107;2013-10-29;Niewielki zakupy;80;7;P04
Krystyna Noczulska;£ódŸ;Centrum;d³uugo;149;2013-09-21;Niewielki zakupy;66;6;P05
Pawe³ Panas;Rzeszów;Po³udnie;œrednio;100;2013-09-27;Du¿e zakupu;223;4;P03
Aleksandra Matulak;Warszawa;Centrum;œrednio;114;2013-08-25;Œrednie zakupy;117;12;P04
Krzysztof B¹k;Wroc³aw;Zachód;œrednio;92;2013-10-01;Niewielki zakupy;63;15;P02
Pawe³ Panas;Rzeszów;Po³udnie;krótko;54;2013-09-18;Niewielki zakupy;65;14;P03
Aleksandra Matulak;Warszawa;Centrum;krótko;14;2013-09-02;Du¿e zakupu;206;5;P04
Pawe³ Panas;Rzeszów;Po³udnie;krótko;28;2013-10-10;Œrednie zakupy;163;5;P03
Krzysztof B¹k;Wroc³aw;Zachód;œrednio;115;2013-09-29;Œrednie zakupy;93;4;P02
Aleksandra Matulak;Warszawa;Centrum;krótko;57;2013-08-28;Du¿e zakupu;185;1;P04
Krzysztof B¹k;Wroc³aw;Zachód;krótko;30;2013-09-12;Niewielki zakupy;89;1;P02
Krzysztof B¹k;Wroc³aw;Zachód;d³uugo;125;2013-09-12;Du¿e zakupu;212;7;P02
Aleksandra Matulak;Warszawa;Centrum;œrednio;117;2013-10-24;Du¿e zakupu;218;15;P04
Pawe³ Panas;Rzeszów;Po³udnie;œrednio;90;2013-09-03;Œrednie zakupy;161;15;P03
Krystyna Noczulska;£ódŸ;Centrum;œrednio;117;2013-10-12;Œrednie zakupy;176;13;P05
Pawe³ Panas;Rzeszów;Po³udnie;d³uugo;169;2013-08-10;Du¿e zakupu;190;12;P03
Krystyna Noczulska;£ódŸ;Centrum;krótko;39;2013-09-16;Niewielki zakupy;74;11;P05
Pawe³ Panas;Rzeszów;Po³udnie;krótko;10;2013-09-06;Œrednie zakupy;111;10;P03
Jan Kowalski;Warszawa;Centrum;œrednio;118;2013-09-15;Niewielki zakupy;76;14;P01
Jan Kowalski;Warszawa;Centrum;d³uugo;163;2013-10-23;Du¿e zakupu;217;6;P01
Krzysztof B¹k;Wroc³aw;Zachód;d³uugo;154;2013-09-05;Niewielki zakupy;41;7;P02
Pawe³ Panas;Rzeszów;Po³udnie;d³uugo;156;2013-09-02;Œrednie zakupy;128;12;P03
Pawe³ Panas;Rzeszów;Po³udnie;krótko;54;2013-10-25;Niewielki zakupy;22;15;P03
Aleksandra Matulak;Warszawa;Centrum;œrednio;99;2013-08-26;Œrednie zakupy;177;2;P04
Jan Kowalski;Warszawa;Centrum;œrednio;111;2013-08-07;Œrednie zakupy;131;2;P01
Pawe³ Panas;Rzeszów;Po³udnie;krótko;8;2013-10-28;Niewielki zakupy;64;8;P03
Krzysztof B¹k;Wroc³aw;Zachód;krótko;34;2013-10-15;Œrednie zakupy;149;10;P02
Jan Kowalski;Warszawa;Centrum;krótko;31;2013-09-13;Œrednie zakupy;155;12;P01
Aleksandra Matulak;Warszawa;Centrum;œrednio;93;2013-08-22;Niewielki zakupy;47;3;P04
Krystyna Noczulska;£ódŸ;Centrum;œrednio;116;2013-09-06;Niewielki zakupy;87;13;P05
Krzysztof B¹k;Wroc³aw;Zachód;d³uugo;170;2013-10-10;Œrednie zakupy;126;15;P02
Jan Kowalski;Warszawa;Centrum;œrednio;84;2013-10-25;Œrednie zakupy;119;5;P01
Aleksandra Matulak;Warszawa;Centrum;d³uugo;168;2013-08-02;Niewielki zakupy;61;8;P04
Krystyna Noczulska;£ódŸ;Centrum;d³uugo;146;2013-10-14;Œrednie zakupy;179;6;P05
Krzysztof B¹k;Wroc³aw;Zachód;d³uugo;129;2013-09-14;Œrednie zakupy;99;13;P02
Aleksandra Matulak;Warszawa;Centrum;œrednio;97;2013-10-02;Œrednie zakupy;140;15;P04
Krystyna Noczulska;£ódŸ;Centrum;krótko;2;2013-09-08;Œrednie zakupy;147;9;P05
Pawe³ Panas;Rzeszów;Po³udnie;œrednio;111;2013-09-23;Œrednie zakupy;179;15;P03
Jan Kowalski;Warszawa;Centrum;krótko;43;2013-09-25;Du¿e zakupu;211;14;P01
Krzysztof B¹k;Wroc³aw;Zachód;krótko;20;2013-10-11;Niewielki zakupy;22;13;P02
Jan Kowalski;Warszawa;Centrum;œrednio;104;2013-09-25;Œrednie zakupy;98;12;P01
Jan Kowalski;Warszawa;Centrum;krótko;37;2013-09-21;Niewielki zakupy;44;6;P01
Krzysztof B¹k;Wroc³aw;Zachód;d³uugo;175;2013-09-13;Œrednie zakupy;95;12;P02
Pawe³ Panas;Rzeszów;Po³udnie;krótko;10;2013-09-26;Du¿e zakupu;180;7;P03
Pawe³ Panas;Rzeszów;Po³udnie;œrednio;99;2013-09-25;Du¿e zakupu;222;7;P03
Pawe³ Panas;Rzeszów;Po³udnie;krótko;49;2013-08-26;Niewielki zakupy;48;14;P03
Krystyna Noczulska;£ódŸ;Centrum;œrednio;88;2013-10-11;Niewielki zakupy;71;1;P05
Aleksandra Matulak;Warszawa;Centrum;krótko;3;2013-09-27;Du¿e zakupu;209;3;P04
Jan Kowalski;Warszawa;Centrum;d³uugo;137;2013-08-30;Niewielki zakupy;82;4;P01
Krystyna Noczulska;£ódŸ;Centrum;d³uugo;145;2013-10-18;Niewielki zakupy;79;9;P05
Jan Kowalski;Warszawa;Centrum;œrednio;70;2013-08-19;Œrednie zakupy;120;3;P01
Pawe³ Panas;Rzeszów;Po³udnie;krótko;48;2013-10-29;Œrednie zakupy;174;10;P03
Jan Kowalski;Warszawa;Centrum;d³uugo;163;2013-09-15;Du¿e zakupu;200;4;P01
Jan Kowalski;Warszawa;Centrum;d³uugo;166;2013-09-02;Œrednie zakupy;174;13;P01
Pawe³ Panas;Rzeszów;Po³udnie;œrednio;77;2013-10-03;Niewielki zakupy;23;11;P03
Krzysztof B¹k;Wroc³aw;Zachód;d³uugo;171;2013-08-19;Du¿e zakupu;181;10;P02
Jan Kowalski;Warszawa;Centrum;œrednio;99;2013-08-26;Du¿e zakupu;206;1;P01
Krzysztof B¹k;Wroc³aw;Zachód;œrednio;118;2013-08-30;Œrednie zakupy;122;1;P02
Aleksandra Matulak;Warszawa;Centrum;œrednio;94;2013-10-12;Œrednie zakupy;153;13;P04
Pawe³ Panas;Rzeszów;Po³udnie;œrednio;91;2013-10-18;Niewielki zakupy;57;13;P03
Pawe³ Panas;Rzeszów;Po³udnie;krótko;44;2013-10-26;Œrednie zakupy;154;14;P03
Jan Kowalski;Warszawa;Centrum;œrednio;90;2013-08-01;Du¿e zakupu;222;3;P01
Jan Kowalski;Warszawa;Centrum;œrednio;95;2013-10-21;Œrednie zakupy;115;4;P01
Jan Kowalski;Warszawa;Centrum;d³uugo;149;2013-08-18;Du¿e zakupu;212;2;P01
Jan Kowalski;Warszawa;Centrum;d³uugo;124;2013-08-25;Du¿e zakupu;190;11;P01
Krystyna Noczulska;£ódŸ;Centrum;krótko;33;2013-10-17;Œrednie zakupy;179;8;P05
Krzysztof B¹k;Wroc³aw;Zachód;krótko;5;2013-08-20;Niewielki zakupy;66;11;P02
Pawe³ Panas;Rzeszów;Po³udnie;d³uugo;129;2013-08-15;Œrednie zakupy;114;5;P03
Pawe³ Panas;Rzeszów;Po³udnie;d³uugo;135;2013-09-29;Œrednie zakupy;137;14;P03
Krystyna Noczulska;£ódŸ;Centrum;œrednio;68;2013-09-08;Du¿e zakupu;185;1;P05
Krystyna Noczulska;£ódŸ;Centrum;œrednio;72;2013-10-30;Œrednie zakupy;141;11;P05
Krystyna Noczulska;£ódŸ;Centrum;œrednio;93;2013-08-19;Niewielki zakupy;44;3;P05
Jan Kowalski;Warszawa;Centrum;œrednio;62;2013-08-13;Du¿e zakupu;192;10;P01
Krystyna Noczulska;£ódŸ;Centrum;œrednio;95;2013-09-07;Œrednie zakupy;178;3;P05
Pawe³ Panas;Rzeszów;Po³udnie;œrednio;111;2013-10-27;Niewielki zakupy;50;6;P03
Pawe³ Panas;Rzeszów;Po³udnie;krótko;15;2013-08-02;Œrednie zakupy;150;1;P03
Krystyna Noczulska;£ódŸ;Centrum;œrednio;66;2013-10-05;Œrednie zakupy;151;9;P05
Jan Kowalski;Warszawa;Centrum;d³uugo;173;2013-09-01;Niewielki zakupy;36;6;P01
Aleksandra Matulak;Warszawa;Centrum;d³uugo;125;2013-09-13;Œrednie zakupy;155;12;P04
Pawe³ Panas;Rzeszów;Po³udnie;d³uugo;164;2013-08-16;Niewielki zakupy;23;8;P03
Jan Kowalski;Warszawa;Centrum;œrednio;85;2013-08-20;Œrednie zakupy;105;7;P01
Krzysztof B¹k;Wroc³aw;Zachód;d³uugo;131;2013-08-10;Niewielki zakupy;24;5;P02
Krystyna Noczulska;£ódŸ;Centrum;œrednio;87;2013-09-12;Du¿e zakupu;189;6;P05
Jan Kowalski;Warszawa;Centrum;d³uugo;167;2013-10-03;Du¿e zakupu;221;2;P01
Krzysztof B¹k;Wroc³aw;Zachód;œrednio;92;2013-08-27;Œrednie zakupy;151;5;P02
Jan Kowalski;Warszawa;Centrum;d³uugo;144;2013-08-06;Œrednie zakupy;133;7;P01
Krzysztof B¹k;Wroc³aw;Zachód;d³uugo;123;2013-08-21;Niewielki zakupy;27;5;P02
Krystyna Noczulska;£ódŸ;Centrum;d³uugo;128;2013-10-29;Œrednie zakupy;178;7;P05
Jan Kowalski;Warszawa;Centrum;œrednio;90;2013-10-01;Du¿e zakupu;204;15;P01
Krzysztof B¹k;Wroc³aw;Zachód;d³uugo;172;2013-10-19;Œrednie zakupy;106;1;P02
Pawe³ Panas;Rzeszów;Po³udnie;d³uugo;149;2013-10-16;Niewielki zakupy;42;6;P03
Pawe³ Panas;Rzeszów;Po³udnie;krótko;15;2013-09-30;Œrednie zakupy;100;7;P03
Krystyna Noczulska;£ódŸ;Centrum;d³uugo;172;2013-09-04;Œrednie zakupy;131;3;P05
Krystyna Noczulska;£ódŸ;Centrum;d³uugo;179;2013-10-11;Œrednie zakupy;160;2;P05
Pawe³ Panas;Rzeszów;Po³udnie;krótko;35;2013-10-08;Œrednie zakupy;133;3;P03
Aleksandra Matulak;Warszawa;Centrum;krótko;19;2013-10-01;Du¿e zakupu;185;6;P04
Aleksandra Matulak;Warszawa;Centrum;œrednio;72;2013-09-26;Du¿e zakupu;195;8;P04
Krystyna Noczulska;£ódŸ;Centrum;œrednio;61;2013-09-10;Niewielki zakupy;26;3;P05
Krzysztof B¹k;Wroc³aw;Zachód;d³uugo;134;2013-10-19;Niewielki zakupy;77;4;P02
Jan Kowalski;Warszawa;Centrum;d³uugo;120;2013-09-03;Œrednie zakupy;131;6;P01
Krystyna Noczulska;£ódŸ;Centrum;krótko;37;2013-10-20;Niewielki zakupy;48;5;P05
Aleksandra Matulak;Warszawa;Centrum;d³uugo;165;2013-09-24;Du¿e zakupu;186;7;P04
Krystyna Noczulska;£ódŸ;Centrum;d³uugo;122;2013-08-04;Niewielki zakupy;48;13;P05
Pawe³ Panas;Rzeszów;Po³udnie;d³uugo;137;2013-08-25;Du¿e zakupu;214;2;P03
Aleksandra Matulak;Warszawa;Centrum;d³uugo;147;2013-08-24;Niewielki zakupy;67;12;P04
Krystyna Noczulska;£ódŸ;Centrum;krótko;28;2013-08-15;Niewielki zakupy;83;1;P05
Krystyna Noczulska;£ódŸ;Centrum;œrednio;85;2013-08-27;Œrednie zakupy;100;11;P05
Krzysztof B¹k;Wroc³aw;Zachód;d³uugo;148;2013-10-05;Œrednie zakupy;133;1;P02
Krzysztof B¹k;Wroc³aw;Zachód;d³uugo;176;2013-09-02;Œrednie zakupy;108;4;P02
Krzysztof B¹k;Wroc³aw;Zachód;krótko;21;2013-09-03;Du¿e zakupu;223;6;P02
Krzysztof B¹k;Wroc³aw;Zachód;œrednio;118;2013-10-25;Niewielki zakupy;71;1;P02
Pawe³ Panas;Rzeszów;Po³udnie;d³uugo;128;2013-10-14;Niewielki zakupy;31;12;P03
Aleksandra Matulak;Warszawa;Centrum;œrednio;86;2013-09-02;Œrednie zakupy;146;1;P04
Krzysztof B¹k;Wroc³aw;Zachód;d³uugo;173;2013-08-21;Œrednie zakupy;126;5;P02
Krystyna Noczulska;£ódŸ;Centrum;krótko;28;2013-08-22;Du¿e zakupu;213;11;P05
Aleksandra Matulak;Warszawa;Centrum;œrednio;94;2013-09-23;Œrednie zakupy;116;7;P04
Krzysztof B¹k;Wroc³aw;Zachód;krótko;20;2013-09-26;Œrednie zakupy;134;1;P02
Krystyna Noczulska;£ódŸ;Centrum;krótko;43;2013-09-10;Œrednie zakupy;158;8;P05
Krystyna Noczulska;£ódŸ;Centrum;d³uugo;120;2013-09-19;Du¿e zakupu;221;14;P05
Jan Kowalski;Warszawa;Centrum;krótko;14;2013-10-20;Niewielki zakupy;42;1;P01
Pawe³ Panas;Rzeszów;Po³udnie;d³uugo;145;2013-08-01;Œrednie zakupy;101;11;P03
Krystyna Noczulska;£ódŸ;Centrum;krótko;57;2013-08-09;Œrednie zakupy;168;4;P05
Pawe³ Panas;Rzeszów;Po³udnie;d³uugo;142;2013-10-02;Du¿e zakupu;199;15;P03
Pawe³ Panas;Rzeszów;Po³udnie;d³uugo;150;2013-08-19;Niewielki zakupy;45;10;P03
Krzysztof B¹k;Wroc³aw;Zachód;d³uugo;122;2013-10-15;Œrednie zakupy;165;5;P02
Aleksandra Matulak;Warszawa;Centrum;d³uugo;133;2013-08-25;Œrednie zakupy;102;2;P04
Jan Kowalski;Warszawa;Centrum;d³uugo;168;2013-08-17;Œrednie zakupy;90;13;P01
Aleksandra Matulak;Warszawa;Centrum;krótko;14;2013-08-21;Œrednie zakupy;143;4;P04
Krzysztof B¹k;Wroc³aw;Zachód;d³uugo;139;2013-08-17;Œrednie zakupy;161;5;P02
Aleksandra Matulak;Warszawa;Centrum;œrednio;92;2013-09-17;Niewielki zakupy;22;14;P04
Krzysztof B¹k;Wroc³aw;Zachód;krótko;38;2013-09-22;Du¿e zakupu;186;1;P02
Krystyna Noczulska;£ódŸ;Centrum;d³uugo;142;2013-09-12;Niewielki zakupy;41;14;P05
Pawe³ Panas;Rzeszów;Po³udnie;d³uugo;179;2013-09-01;Niewielki zakupy;62;13;P03
Pawe³ Panas;Rzeszów;Po³udnie;krótko;50;2013-08-10;Du¿e zakupu;208;10;P03
Pawe³ Panas;Rzeszów;Po³udnie;d³uugo;121;2013-09-07;Œrednie zakupy;114;12;P03
Krystyna Noczulska;£ódŸ;Centrum;œrednio;75;2013-09-28;Niewielki zakupy;42;9;P05
Pawe³ Panas;Rzeszów;Po³udnie;krótko;57;2013-10-19;Œrednie zakupy;124;11;P03
Pawe³ Panas;Rzeszów;Po³udnie;d³uugo;169;2013-10-16;Œrednie zakupy;100;8;P03
Krzysztof B¹k;Wroc³aw;Zachód;krótko;11;2013-08-04;Niewielki zakupy;68;13;P02
Krystyna Noczulska;£ódŸ;Centrum;d³uugo;129;2013-10-17;Du¿e zakupu;218;4;P05
Krzysztof B¹k;Wroc³aw;Zachód;œrednio;111;2013-09-09;Niewielki zakupy;35;5;P02
Pawe³ Panas;Rzeszów;Po³udnie;krótko;40;2013-10-06;Œrednie zakupy;103;14;P03
Jan Kowalski;Warszawa;Centrum;d³uugo;178;2013-10-28;Œrednie zakupy;113;11;P01
Aleksandra Matulak;Warszawa;Centrum;krótko;4;2013-08-18;Du¿e zakupu;204;7;P04
Jan Kowalski;Warszawa;Centrum;krótko;4;2013-09-15;Œrednie zakupy;165;11;P01
Krzysztof B¹k;Wroc³aw;Zachód;krótko;51;2013-10-15;Du¿e zakupu;197;6;P02
Pawe³ Panas;Rzeszów;Po³udnie;krótko;40;2013-09-21;Œrednie zakupy;140;7;P03
Jan Kowalski;Warszawa;Centrum;d³uugo;173;2013-09-09;Niewielki zakupy;58;12;P01
Krzysztof B¹k;Wroc³aw;Zachód;d³uugo;178;2013-10-17;Niewielki zakupy;81;12;P02
Jan Kowalski;Warszawa;Centrum;krótko;12;2013-10-22;Du¿e zakupu;219;8;P01
Krystyna Noczulska;£ódŸ;Centrum;krótko;9;2013-10-26;Niewielki zakupy;37;15;P05
Krzysztof B¹k;Wroc³aw;Zachód;krótko;21;2013-09-22;Œrednie zakupy;130;12;P02
Pawe³ Panas;Rzeszów;Po³udnie;œrednio;78;2013-10-17;Œrednie zakupy;153;15;P03
Krystyna Noczulska;£ódŸ;Centrum;d³uugo;171;2013-10-19;Niewielki zakupy;38;10;P05
Jan Kowalski;Warszawa;Centrum;krótko;46;2013-10-21;Œrednie zakupy;98;5;P01
Pawe³ Panas;Rzeszów;Po³udnie;œrednio;111;2013-10-16;Du¿e zakupu;186;4;P03
Aleksandra Matulak;Warszawa;Centrum;krótko;51;2013-10-21;Niewielki zakupy;27;6;P04
Pawe³ Panas;Rzeszów;Po³udnie;d³uugo;123;2013-10-01;Œrednie zakupy;172;12;P03
Jan Kowalski;Warszawa;Centrum;d³uugo;159;2013-08-02;Du¿e zakupu;194;4;P01
Aleksandra Matulak;Warszawa;Centrum;d³uugo;127;2013-09-13;Œrednie zakupy;145;9;P04
Jan Kowalski;Warszawa;Centrum;œrednio;65;2013-09-06;Du¿e zakupu;191;5;P01
Krystyna Noczulska;£ódŸ;Centrum;krótko;54;2013-09-11;Du¿e zakupu;220;4;P05
Pawe³ Panas;Rzeszów;Po³udnie;krótko;46;2013-08-14;Du¿e zakupu;225;14;P03
Aleksandra Matulak;Warszawa;Centrum;œrednio;93;2013-08-04;Du¿e zakupu;201;6;P04
Krystyna Noczulska;£ódŸ;Centrum;d³uugo;165;2013-10-05;Œrednie zakupy;126;11;P05
Krystyna Noczulska;£ódŸ;Centrum;krótko;22;2013-09-02;Œrednie zakupy;127;13;P05
Krystyna Noczulska;£ódŸ;Centrum;krótko;30;2013-10-22;Œrednie zakupy;167;14;P05
Jan Kowalski;Warszawa;Centrum;d³uugo;149;2013-09-03;Niewielki zakupy;35;13;P01
Pawe³ Panas;Rzeszów;Po³udnie;krótko;44;2013-10-09;Niewielki zakupy;70;10;P03
Pawe³ Panas;Rzeszów;Po³udnie;œrednio;91;2013-08-14;Du¿e zakupu;205;15;P03
Krzysztof B¹k;Wroc³aw;Zachód;krótko;48;2013-08-07;Du¿e zakupu;206;10;P02
Krystyna Noczulska;£ódŸ;Centrum;d³uugo;130;2013-08-21;Œrednie zakupy;103;12;P05
Krystyna Noczulska;£ódŸ;Centrum;krótko;41;2013-10-20;Œrednie zakupy;177;14;P05
Krystyna Noczulska;£ódŸ;Centrum;krótko;53;2013-10-16;Œrednie zakupy;132;4;P05
Krystyna Noczulska;£ódŸ;Centrum;d³uugo;176;2013-09-12;Niewielki zakupy;28;14;P05
Krzysztof B¹k;Wroc³aw;Zachód;d³uugo;169;2013-09-26;Du¿e zakupu;194;6;P02
Pawe³ Panas;Rzeszów;Po³udnie;œrednio;79;2013-10-09;Œrednie zakupy;90;14;P03
Krzysztof B¹k;Wroc³aw;Zachód;œrednio;99;2013-10-26;Œrednie zakupy;113;8;P02
Jan Kowalski;Warszawa;Centrum;d³uugo;163;2013-08-15;Œrednie zakupy;163;7;P01
Aleksandra Matulak;Warszawa;Centrum;krótko;38;2013-09-20;Du¿e zakupu;224;11;P04
Jan Kowalski;Warszawa;Centrum;d³uugo;127;2013-10-01;Niewielki zakupy;21;11;P01
Krzysztof B¹k;Wroc³aw;Zachód;œrednio;98;2013-10-23;Œrednie zakupy;105;7;P02
Jan Kowalski;Warszawa;Centrum;œrednio;67;2013-08-01;Niewielki zakupy;78;4;P01
Krzysztof B¹k;Wroc³aw;Zachód;œrednio;111;2013-08-04;Œrednie zakupy;111;5;P02
Krzysztof B¹k;Wroc³aw;Zachód;krótko;53;2013-10-19;Niewielki zakupy;24;11;P02
Krystyna Noczulska;£ódŸ;Centrum;krótko;2;2013-09-12;Niewielki zakupy;36;4;P05
Aleksandra Matulak;Warszawa;Centrum;d³uugo;133;2013-10-25;Œrednie zakupy;140;5;P04
Pawe³ Panas;Rzeszów;Po³udnie;d³uugo;120;2013-10-18;Du¿e zakupu;210;12;P03
Aleksandra Matulak;Warszawa;Centrum;d³uugo;170;2013-08-17;Du¿e zakupu;196;15;P04
Krzysztof B¹k;Wroc³aw;Zachód;d³uugo;125;2013-09-02;Niewielki zakupy;51;6;P02
Jan Kowalski;Warszawa;Centrum;krótko;59;2013-09-12;Niewielki zakupy;63;4;P01
Jan Kowalski;Warszawa;Centrum;d³uugo;141;2013-10-02;Œrednie zakupy;177;14;P01
Aleksandra Matulak;Warszawa;Centrum;krótko;25;2013-08-18;Œrednie zakupy;163;5;P04
Krystyna Noczulska;£ódŸ;Centrum;d³uugo;120;2013-08-16;Œrednie zakupy;133;7;P05
Aleksandra Matulak;Warszawa;Centrum;d³uugo;163;2013-08-25;Niewielki zakupy;49;10;P04
Krystyna Noczulska;£ódŸ;Centrum;d³uugo;143;2013-08-21;Œrednie zakupy;97;9;P05
Krystyna Noczulska;£ódŸ;Centrum;d³uugo;148;2013-10-12;Du¿e zakupu;200;15;P05
Krystyna Noczulska;£ódŸ;Centrum;d³uugo;135;2013-09-12;Œrednie zakupy;170;11;P05
Aleksandra Matulak;Warszawa;Centrum;d³uugo;122;2013-10-03;Œrednie zakupy;166;5;P04
Pawe³ Panas;Rzeszów;Po³udnie;œrednio;93;2013-08-25;Œrednie zakupy;179;12;P03
Krystyna Noczulska;£ódŸ;Centrum;d³uugo;128;2013-08-03;Niewielki zakupy;56;11;P05
Krzysztof B¹k;Wroc³aw;Zachód;krótko;35;2013-08-09;Œrednie zakupy;92;9;P02
Krystyna Noczulska;£ódŸ;Centrum;d³uugo;163;2013-09-12;Niewielki zakupy;51;4;P05
Krzysztof B¹k;Wroc³aw;Zachód;œrednio;75;2013-08-11;Niewielki zakupy;85;8;P02
Aleksandra Matulak;Warszawa;Centrum;d³uugo;140;2013-09-10;Du¿e zakupu;206;13;P04
Aleksandra Matulak;Warszawa;Centrum;d³uugo;166;2013-10-26;Du¿e zakupu;203;4;P04
Aleksandra Matulak;Warszawa;Centrum;d³uugo;137;2013-09-11;Œrednie zakupy;92;9;P04
Aleksandra Matulak;Warszawa;Centrum;krótko;21;2013-08-26;Œrednie zakupy;159;15;P04
Aleksandra Matulak;Warszawa;Centrum;d³uugo;158;2013-09-13;Niewielki zakupy;88;5;P04
Pawe³ Panas;Rzeszów;Po³udnie;d³uugo;175;2013-09-24;Du¿e zakupu;183;10;P03
Pawe³ Panas;Rzeszów;Po³udnie;d³uugo;135;2013-08-09;Œrednie zakupy;141;4;P03
