"word";"in documents";"total";"in class (unknown)";"in class (food/beverage/hospitality)"
"abbotsford";3;3;0.0;0.0
"abil";75;145;0.0;0.0
"abl";83;113;0.0;0.0
"absolut";4;4;0.0;0.0
"abstract";7;12;0.0;0.0
"academ";3;3;0.0;0.0
"accept";18;25;0.0;0.0
"access";13;17;0.0;0.0
"accessori";6;8;0.0;0.0
"accommod";4;5;0.0;0.0
"accompani";3;3;0.0;0.0
"accord";12;14;0.0;0.0
"account";34;77;0.0;0.0
"accur";12;12;0.0;0.0
"accuraci";10;10;0.0;0.0
"achiev";16;20;0.0;0.0
"acr";4;4;0.0;0.0
"act";5;6;0.0;0.0
"action";9;10;0.0;0.0
"activ";32;39;0.0;0.0
"ad";15;17;0.0;0.0
"adapt";8;8;0.0;0.0
"add";8;10;0.0;0.0
"addit";16;18;0.0;0.0
"address";23;23;0.0;0.0
"adher";3;3;0.0;0.0
"adjust";4;4;0.0;0.0
"admin";7;7;0.0;0.0
"administr";25;43;0.0;0.0
"adob";4;13;0.0;0.0
"adult";7;12;0.0;0.0
"advanc";24;26;0.0;0.0
"advertis";9;16;0.0;0.0
"advisor";3;5;0.0;0.0
"afternoon";7;7;0.0;0.0
"ag";9;15;0.0;0.0
"agenc";9;15;0.0;0.0
"agent";6;8;0.0;0.0
"aggreg";3;3;0.0;0.0
"aggress";4;4;0.0;0.0
"agreement";4;4;0.0;0.0
"aid";21;38;0.0;0.0
"air";5;5;0.0;0.0
"alberta";3;3;0.0;0.0
"allow";14;15;0.0;0.0
"altern";4;4;0.0;0.0
"amaz";5;5;0.0;0.0
"ambassador";3;3;0.0;0.0
"ambiti";5;5;0.0;0.0
"amen";4;7;0.0;0.0
"america";4;4;0.0;0.0
"amix";3;20;0.0;0.0
"analysi";11;18;0.0;0.0
"analyst";5;11;0.0;0.0
"analyt";6;9;0.0;0.0
"analyz";7;11;0.0;0.0
"anim";5;16;0.0;0.0
"annual";6;8;0.0;0.0
"answer";18;19;0.0;0.0
"anticip";6;6;0.0;0.0
"ap";3;3;0.0;0.0
"appear";4;4;0.0;0.0
"appli";108;128;0.0;0.0
"applianc";3;3;0.0;0.0
"applic";105;171;0.0;0.0
"appoint";16;19;0.0;0.0
"appreci";4;4;0.0;0.0
"apprentic";4;4;0.0;0.0
"approach";8;8;0.0;0.0
"appropri";9;14;0.0;0.0
"approv";3;4;0.0;0.0
"approx";5;5;0.0;0.0
"approxim";7;7;0.0;0.0
"aptitud";4;5;0.0;0.0
"architectur";4;4;0.0;0.0
"area";47;58;0.0;0.0
"arena";3;3;0.0;0.0
"arrang";6;7;0.0;0.0
"art";8;8;0.0;0.0
"articl";3;3;0.0;0.0
"artist";5;5;0.0;0.0
"asap";9;10;0.0;0.0
"ask";16;17;0.0;0.0
"asp";4;4;0.0;0.0
"aspect";8;8;0.0;0.0
"assess";9;10;0.0;0.0
"asset";89;112;0.0;0.0
"assign";17;19;0.0;0.0
"assist";63;89;0.0;0.0
"associ";16;23;0.0;0.0
"assur";5;6;0.0;0.0
"athlet";3;4;0.0;0.0
"atmospher";15;15;0.0;0.0
"attach";10;12;0.0;0.0
"attend";12;12;0.0;0.0
"attent";26;26;0.0;0.0
"attitud";34;35;0.0;0.0
"attract";7;8;0.0;0.0
"attribut";4;5;0.0;0.0
"audienc";4;4;0.0;0.0
"audit";5;17;0.0;0.0
"augment";3;3;0.0;0.0
"author";5;6;0.0;0.0
"autism";4;6;0.0;0.0
"auto";4;4;0.0;0.0
"autom";5;10;0.0;0.0
"automot";3;4;0.0;0.0
"avail";66;72;0.0;0.0
"awar";4;4;0.0;0.0
"award";7;8;0.0;0.0
"b";15;20;0.0;0.0
"bachelor";8;8;0.0;0.0
"background";22;24;0.0;0.0
"bake";5;7;0.0;0.0
"baker";3;8;0.0;0.0
"bank";3;6;0.0;0.0
"barista";5;8;0.0;0.0
"base";71;87;0.0;0.0
"basi";16;17;0.0;0.0
"basic";30;35;0.0;0.0
"bc";48;62;0.0;0.0
"beach";3;6;0.0;0.0
"beauti";7;10;0.0;0.0
"becom";17;17;0.0;0.0
"bed";3;3;0.0;0.0
"bedroom";3;3;0.0;0.0
"beer";3;3;0.0;0.0
"begin";5;5;0.0;0.0
"behalf";10;11;0.0;0.0
"behaviour";3;12;0.0;0.0
"believ";9;10;0.0;0.0
"benefit";50;58;0.0;0.0
"big";4;4;0.0;0.0
"bilingu";4;5;0.0;0.0
"bill";5;7;0.0;0.0
"birthdai";3;3;0.0;0.0
"bit";3;3;0.0;0.0
"block";4;4;0.0;0.0
"board";5;5;0.0;0.0
"bodi";6;6;0.0;0.0
"bondabl";9;9;0.0;0.0
"bonu";13;13;0.0;0.0
"bonus";4;5;0.0;0.0
"book";11;14;0.0;0.0
"boom";3;3;0.0;0.0
"bottl";3;3;0.0;0.0
"brand";13;28;0.0;0.0
"bread";3;4;0.0;0.0
"break";3;3;0.0;0.0
"breakfast";3;6;0.0;0.0
"brief";6;6;0.0;0.0
"bring";14;17;0.0;0.0
"british";5;5;0.0;0.0
"broadcast";3;5;0.0;0.0
"broadwai";3;3;0.0;0.0
"browser";3;5;0.0;0.0
"bu";3;3;0.0;0.0
"budget";12;23;0.0;0.0
"buffet";3;3;0.0;0.0
"bui";5;5;0.0;0.0
"build";42;56;0.0;0.0
"burnabi";11;13;0.0;0.0
"busi";83;144;0.0;0.0
"c";21;30;0.0;0.0
"ca";45;62;0.0;0.0
"cad";3;3;0.0;0.0
"cafe";4;5;0.0;0.0
"calendar";4;4;0.0;0.0
"call";85;98;0.0;0.0
"campaign";6;8;0.0;0.0
"canada";40;49;0.0;0.0
"canadian";17;25;0.0;0.0
"candid";91;120;0.0;0.0
"cantones";3;3;0.0;0.0
"capabl";13;15;0.0;0.0
"capac";7;8;0.0;0.0
"car";12;13;0.0;0.0
"card";6;6;0.0;0.0
"care";27;57;0.0;0.0
"career";31;45;0.0;0.0
"carri";9;9;0.0;0.0
"case";7;10;0.0;0.0
"cash";12;12;0.0;0.0
"casual";21;33;0.0;0.0
"cda";4;5;0.0;0.0
"celebr";3;3;0.0;0.0
"cell";3;3;0.0;0.0
"center";7;11;0.0;0.0
"centr";20;31;0.0;0.0
"central";4;6;0.0;0.0
"ceridian";3;3;0.0;0.0
"certif";30;35;0.0;0.0
"certifi";7;7;0.0;0.0
"cga";4;4;0.0;0.0
"chain";10;13;0.0;0.0
"chair";4;4;0.0;0.0
"challeng";23;27;0.0;0.0
"chanc";4;4;0.0;0.0
"chang";27;33;0.0;0.0
"charg";6;6;0.0;0.0
"chariti";3;3;0.0;0.0
"chart";3;4;0.0;0.0
"check";36;40;0.0;0.0
"chef";7;15;0.0;0.0
"chequ";3;3;0.0;0.0
"chief";3;3;0.0;0.0
"child";3;14;0.0;0.0
"children";10;18;0.0;0.0
"chilliwack";6;11;0.0;0.0
"choic";4;5;0.0;0.0
"chosen";3;3;0.0;0.0
"citi";7;8;0.0;0.0
"claim";4;4;0.0;0.0
"class";19;25;0.0;0.0
"clean";51;90;0.0;0.0
"cleaner";6;10;0.0;0.0
"clear";10;10;0.0;0.0
"clerk";3;3;0.0;0.0
"click";10;11;0.0;0.0
"client";70;117;0.0;0.0
"clientel";8;9;0.0;0.0
"clinic";7;7;0.0;0.0
"close";21;23;0.0;0.0
"cloth";4;4;0.0;0.0
"club";4;4;0.0;0.0
"cma";4;4;0.0;0.0
"co";13;16;0.0;0.0
"coast";8;18;0.0;0.0
"code";12;14;0.0;0.0
"coffe";9;14;0.0;0.0
"cold";11;13;0.0;0.0
"collabor";7;9;0.0;0.0
"collect";12;12;0.0;0.0
"colleg";13;14;0.0;0.0
"columbia";5;5;0.0;0.0
"com";70;86;0.0;0.0
"combin";11;11;0.0;0.0
"come";31;32;0.0;0.0
"comfort";20;23;0.0;0.0
"command";3;3;0.0;0.0
"commerci";19;24;0.0;0.0
"commiss";31;34;0.0;0.0
"commit";26;28;0.0;0.0
"common";5;5;0.0;0.0
"commun";104;167;0.0;0.0
"commut";3;3;0.0;0.0
"comox";9;9;0.0;0.0
"compani";98;153;0.0;0.0
"compassion";3;3;0.0;0.0
"compel";3;3;0.0;0.0
"compens";25;25;0.0;0.0
"compet";5;9;0.0;0.0
"competit";33;41;0.0;0.0
"competitor";4;4;0.0;0.0
"complement";3;3;0.0;0.0
"complet";35;44;0.0;0.0
"complex";8;8;0.0;0.0
"complianc";4;10;0.0;0.0
"comprehens";8;8;0.0;0.0
"comput";48;54;0.0;0.0
"computer";7;8;0.0;0.0
"concept";6;6;0.0;0.0
"concern";3;3;0.0;0.0
"concis";5;5;0.0;0.0
"condit";9;12;0.0;0.0
"conduct";10;11;0.0;0.0
"confid";14;14;0.0;0.0
"confidenti";7;7;0.0;0.0
"configur";5;5;0.0;0.0
"confirm";7;7;0.0;0.0
"conflict";3;4;0.0;0.0
"connect";8;15;0.0;0.0
"consecut";4;4;0.0;0.0
"consid";23;25;0.0;0.0
"consider";12;14;0.0;0.0
"consist";7;7;0.0;0.0
"constantli";3;3;0.0;0.0
"constraint";3;4;0.0;0.0
"construct";10;18;0.0;0.0
"consult";20;36;0.0;0.0
"consum";8;19;0.0;0.0
"contact";80;88;0.0;0.0
"contain";3;4;0.0;0.0
"content";10;27;0.0;0.0
"continu";14;17;0.0;0.0
"contract";29;36;0.0;0.0
"contractor";11;13;0.0;0.0
"contribut";11;12;0.0;0.0
"control";18;32;0.0;0.0
"convers";6;6;0.0;0.0
"cook";20;31;0.0;0.0
"coordin";17;27;0.0;0.0
"copi";7;8;0.0;0.0
"coquitlam";5;5;0.0;0.0
"core";3;3;0.0;0.0
"corpor";17;24;0.0;0.0
"correct";5;6;0.0;0.0
"cost";12;12;0.0;0.0
"counselor";3;3;0.0;0.0
"count";3;3;0.0;0.0
"counter";4;6;0.0;0.0
"countri";5;5;0.0;0.0
"coupl";3;3;0.0;0.0
"courier";3;3;0.0;0.0
"cours";16;28;0.0;0.0
"cover";79;88;0.0;0.0
"coverag";6;7;0.0;0.0
"cpr";6;6;0.0;0.0
"craiglist";3;3;0.0;0.0
"craigslist";4;4;0.0;0.0
"crane";3;3;0.0;0.0
"creat";34;43;0.0;0.0
"creation";8;8;0.0;0.0
"creativ";15;19;0.0;0.0
"credit";5;8;0.0;0.0
"crew";6;8;0.0;0.0
"crimin";21;22;0.0;0.0
"crisi";5;8;0.0;0.0
"criteria";8;8;0.0;0.0
"critic";10;11;0.0;0.0
"crm";6;6;0.0;0.0
"cross";3;5;0.0;0.0
"crush";3;3;0.0;0.0
"css";4;5;0.0;0.0
"cuisin";6;6;0.0;0.0
"cup";3;3;0.0;0.0
"current";89;93;0.0;0.0
"custom";106;232;0.0;0.0
"cut";6;13;0.0;0.0
"cv";4;4;0.0;0.0
"cycl";7;7;0.0;0.0
"d";24;45;0.0;0.0
"dai";53;82;0.0;0.0
"daili";27;30;0.0;0.0
"data";17;27;0.0;0.0
"databas";16;21;0.0;0.0
"date";30;33;0.0;0.0
"deadlin";16;17;0.0;0.0
"deal";12;14;0.0;0.0
"dealership";4;4;0.0;0.0
"decemb";10;12;0.0;0.0
"decis";8;9;0.0;0.0
"dedic";15;15;0.0;0.0
"definit";8;9;0.0;0.0
"degre";29;32;0.0;0.0
"deliv";14;14;0.0;0.0
"deliver";3;3;0.0;0.0
"deliveri";10;11;0.0;0.0
"delta";13;14;0.0;0.0
"demand";6;6;0.0;0.0
"demo";5;6;0.0;0.0
"demolit";3;3;0.0;0.0
"demonstr";16;39;0.0;0.0
"dental";12;16;0.0;0.0
"depart";15;23;0.0;0.0
"depend";16;18;0.0;0.0
"dept";4;4;0.0;0.0
"describ";4;4;0.0;0.0
"descript";22;22;0.0;0.0
"design";30;53;0.0;0.0
"desir";21;22;0.0;0.0
"desk";8;9;0.0;0.0
"detail";53;67;0.0;0.0
"determin";8;8;0.0;0.0
"develop";61;127;0.0;0.0
"development";3;6;0.0;0.0
"dexter";3;3;0.0;0.0
"diagnos";3;3;0.0;0.0
"differ";6;8;0.0;0.0
"digit";5;9;0.0;0.0
"dine";5;6;0.0;0.0
"diploma";19;21;0.0;0.0
"direct";18;20;0.0;0.0
"director";6;9;0.0;0.0
"disabl";9;14;0.0;0.0
"disciplin";5;5;0.0;0.0
"discount";13;14;0.0;0.0
"discov";3;3;0.0;0.0
"discrep";4;4;0.0;0.0
"discuss";5;6;0.0;0.0
"dish";3;4;0.0;0.0
"dishwash";5;6;0.0;0.0
"disord";3;3;0.0;0.0
"distanc";3;3;0.0;0.0
"distribut";10;14;0.0;0.0
"distributor";6;7;0.0;0.0
"divers";9;9;0.0;0.0
"divis";9;12;0.0;0.0
"doctor";7;9;0.0;0.0
"document";27;41;0.0;0.0
"documentari";3;3;0.0;0.0
"downtown";20;20;0.0;0.0
"dr";9;22;0.0;0.0
"draw";5;6;0.0;0.0
"dream";3;4;0.0;0.0
"dress";3;3;0.0;0.0
"drive";22;34;0.0;0.0
"driven";12;14;0.0;0.0
"driver";36;53;0.0;0.0
"drop";5;5;0.0;0.0
"drug";3;6;0.0;0.0
"drywal";4;5;0.0;0.0
"due";14;14;0.0;0.0
"dump";3;5;0.0;0.0
"duti";64;92;0.0;0.0
"dynam";24;25;0.0;0.0
"e";25;29;0.0;0.0
"eager";4;5;0.0;0.0
"earn";14;17;0.0;0.0
"easi";5;5;0.0;0.0
"easili";3;4;0.0;0.0
"east";3;3;0.0;0.0
"econom";3;3;0.0;0.0
"edg";5;7;0.0;0.0
"edit";5;7;0.0;0.0
"educ";44;49;0.0;0.0
"effect";24;31;0.0;0.0
"effici";24;30;0.0;0.0
"effort";5;5;0.0;0.0
"eg";4;4;0.0;0.0
"electr";17;27;0.0;0.0
"electron";11;14;0.0;0.0
"elig";5;5;0.0;0.0
"els";5;5;0.0;0.0
"email";107;115;0.0;0.0
"emerg";9;9;0.0;0.0
"emphasi";5;5;0.0;0.0
"emploi";3;4;0.0;0.0
"employ";33;44;0.0;0.0
"employe";33;47;0.0;0.0
"empow";3;3;0.0;0.0
"encourag";5;5;0.0;0.0
"end";24;29;0.0;0.0
"energet";21;21;0.0;0.0
"energi";15;19;0.0;0.0
"enforc";3;7;0.0;0.0
"engag";5;6;0.0;0.0
"engin";16;20;0.0;0.0
"enhanc";6;8;0.0;0.0
"enjoi";29;36;0.0;0.0
"ensur";46;70;0.0;0.0
"entail";4;4;0.0;0.0
"enter";10;11;0.0;0.0
"enterpris";3;5;0.0;0.0
"enthusiasm";6;6;0.0;0.0
"enthusiast";22;23;0.0;0.0
"entir";3;3;0.0;0.0
"entrepreneuri";6;6;0.0;0.0
"entri";17;20;0.0;0.0
"environ";102;144;0.0;0.0
"environment";4;4;0.0;0.0
"equal";5;5;0.0;0.0
"equip";29;54;0.0;0.0
"equiti";3;4;0.0;0.0
"equival";22;24;0.0;0.0
"erp";8;10;0.0;0.0
"error";3;3;0.0;0.0
"esl";6;13;0.0;0.0
"especi";4;4;0.0;0.0
"essenti";21;22;0.0;0.0
"establish";39;47;0.0;0.0
"estat";5;7;0.0;0.0
"estim";11;24;0.0;0.0
"etc";25;30;0.0;0.0
"ethic";12;12;0.0;0.0
"european";4;4;0.0;0.0
"evalu";4;6;0.0;0.0
"even";19;21;0.0;0.0
"event";15;32;0.0;0.0
"everydai";3;3;0.0;0.0
"evid";3;3;0.0;0.0
"exam";5;12;0.0;0.0
"exampl";6;6;0.0;0.0
"exce";9;10;0.0;0.0
"exceed";5;5;0.0;0.0
"excel";92;131;0.0;0.0
"except";18;20;0.0;0.0
"excit";24;25;0.0;0.0
"execut";12;16;0.0;0.0
"exercis";3;3;0.0;0.0
"exist";21;25;0.0;0.0
"exp";6;7;0.0;0.0
"expand";15;16;0.0;0.0
"expect";28;28;0.0;0.0
"expens";6;6;0.0;0.0
"experi";234;492;0.0;0.0
"experienc";48;52;0.0;0.0
"expert";10;10;0.0;0.0
"expertis";9;9;0.0;0.0
"explain";5;5;0.0;0.0
"extend";7;7;0.0;0.0
"extens";11;14;0.0;0.0
"extern";11;14;0.0;0.0
"extra";8;9;0.0;0.0
"extrem";3;4;0.0;0.0
"ey";6;6;0.0;0.0
"f";14;19;0.0;0.0
"fabric";3;8;0.0;0.0
"face";5;9;0.0;0.0
"facebook";5;5;0.0;0.0
"facial";3;4;0.0;0.0
"facil";21;36;0.0;0.0
"facilit";9;11;0.0;0.0
"fair";5;8;0.0;0.0
"famili";16;19;0.0;0.0
"familiar";19;20;0.0;0.0
"fan";4;4;0.0;0.0
"fantast";4;4;0.0;0.0
"fashion";9;10;0.0;0.0
"fast";50;57;0.0;0.0
"fax";30;31;0.0;0.0
"featur";5;5;0.0;0.0
"feder";3;3;0.0;0.0
"feed";4;4;0.0;0.0
"feedback";5;6;0.0;0.0
"feel";14;14;0.0;0.0
"feet";4;4;0.0;0.0
"femal";5;5;0.0;0.0
"field";22;27;0.0;0.0
"file";12;16;0.0;0.0
"fill";13;14;0.0;0.0
"film";4;7;0.0;0.0
"financ";9;12;0.0;0.0
"financi";17;37;0.0;0.0
"find";17;17;0.0;0.0
"fine";4;4;0.0;0.0
"finish";9;9;0.0;0.0
"fire";3;3;0.0;0.0
"firm";17;23;0.0;0.0
"fit";24;31;0.0;0.0
"fix";3;3;0.0;0.0
"flash";3;3;0.0;0.0
"flat";3;3;0.0;0.0
"fleet";6;10;0.0;0.0
"flexabl";4;4;0.0;0.0
"flexibl";32;34;0.0;0.0
"floor";4;4;0.0;0.0
"flow";4;4;0.0;0.0
"flower";3;9;0.0;0.0
"fluenci";3;3;0.0;0.0
"fluent";20;20;0.0;0.0
"focu";5;5;0.0;0.0
"focus";10;10;0.0;0.0
"folk";4;4;0.0;0.0
"follow";18;21;0.0;0.0
"food";39;58;0.0;0.0
"foot";6;7;0.0;0.0
"forc";3;4;0.0;0.0
"forklift";6;7;0.0;0.0
"form";6;6;0.0;0.0
"formal";8;9;0.0;0.0
"format";6;6;0.0;0.0
"forward";48;54;0.0;0.0
"found";3;3;0.0;0.0
"foundat";11;13;0.0;0.0
"frame";4;7;0.0;0.0
"fraser";3;3;0.0;0.0
"free";9;10;0.0;0.0
"french";4;5;0.0;0.0
"fresh";7;9;0.0;0.0
"fridai";20;21;0.0;0.0
"friend";3;13;0.0;0.0
"friendli";34;39;0.0;0.0
"front";19;21;0.0;0.0
"fulfil";8;9;0.0;0.0
"full";80;99;0.0;0.0
"fulli";5;6;0.0;0.0
"fun";34;38;0.0;0.0
"function";19;25;0.0;0.0
"fund";5;10;0.0;0.0
"further";10;10;0.0;0.0
"futur";12;17;0.0;0.0
"g";10;11;0.0;0.0
"ga";8;13;0.0;0.0
"gadgetri";3;3;0.0;0.0
"gain";5;6;0.0;0.0
"game";3;19;0.0;0.0
"gather";4;4;0.0;0.0
"gear";3;3;0.0;0.0
"gener";41;58;0.0;0.0
"get";29;33;0.0;0.0
"getter";3;3;0.0;0.0
"give";9;10;0.0;0.0
"given";11;12;0.0;0.0
"global";3;3;0.0;0.0
"gmail";9;9;0.0;0.0
"go";23;26;0.0;0.0
"goal";24;31;0.0;0.0
"goe";3;3;0.0;0.0
"gold";5;7;0.0;0.0
"goldsgymbc";3;3;0.0;0.0
"golf";3;3;0.0;0.0
"good";75;96;0.0;0.0
"govern";5;6;0.0;0.0
"grade";7;8;0.0;0.0
"graduat";11;11;0.0;0.0
"grasp";3;3;0.0;0.0
"great";66;88;0.0;0.0
"greater";4;7;0.0;0.0
"groom";8;8;0.0;0.0
"ground";3;3;0.0;0.0
"group";19;27;0.0;0.0
"grow";53;67;0.0;0.0
"growth";32;34;0.0;0.0
"guess";3;3;0.0;0.0
"guest";5;7;0.0;0.0
"gui";3;4;0.0;0.0
"guidanc";6;7;0.0;0.0
"guidelin";3;3;0.0;0.0
"gym";3;7;0.0;0.0
"hair";4;4;0.0;0.0
"hairstylist";3;5;0.0;0.0
"hall";9;12;0.0;0.0
"hand";15;16;0.0;0.0
"handl";21;23;0.0;0.0
"happi";5;9;0.0;0.0
"hardwar";3;3;0.0;0.0
"hardwork";5;5;0.0;0.0
"head";9;9;0.0;0.0
"headquart";4;4;0.0;0.0
"health";19;28;0.0;0.0
"healthcar";3;3;0.0;0.0
"healthi";3;3;0.0;0.0
"hear";23;23;0.0;0.0
"heart";3;3;0.0;0.0
"heat";5;5;0.0;0.0
"heavi";5;5;0.0;0.0
"hei";3;4;0.0;0.0
"held";6;6;0.0;0.0
"hello";4;4;0.0;0.0
"help";58;77;0.0;0.0
"helper";7;7;0.0;0.0
"hi";8;8;0.0;0.0
"highest";5;5;0.0;0.0
"highli";24;28;0.0;0.0
"hire";42;57;0.0;0.0
"histori";10;11;0.0;0.0
"hold";7;8;0.0;0.0
"holidai";10;13;0.0;0.0
"honest";8;8;0.0;0.0
"honesti";3;3;0.0;0.0
"hope";3;3;0.0;0.0
"hospit";5;5;0.0;0.0
"host";5;5;0.0;0.0
"hostess";3;4;0.0;0.0
"hotmail";4;4;0.0;0.0
"hour";85;128;0.0;0.0
"hourli";15;15;0.0;0.0
"hous";18;20;0.0;0.0
"household";5;7;0.0;0.0
"housekeep";6;7;0.0;0.0
"howesound";3;6;0.0;0.0
"hr";34;48;0.0;0.0
"hst";3;3;0.0;0.0
"html";7;8;0.0;0.0
"http";21;25;0.0;0.0
"human";4;4;0.0;0.0
"i";28;73;0.0;0.0
"icbc";3;3;0.0;0.0
"idea";13;18;0.0;0.0
"ideal";34;36;0.0;0.0
"identifi";14;19;0.0;0.0
"ie";4;5;0.0;0.0
"ill";5;5;0.0;0.0
"imag";6;7;0.0;0.0
"immedi";15;15;0.0;0.0
"implement";17;43;0.0;0.0
"import";7;8;0.0;0.0
"improv";21;23;0.0;0.0
"inc";8;8;0.0;0.0
"incent";4;5;0.0;0.0
"includ";108;162;0.0;0.0
"incom";16;18;0.0;0.0
"incorpor";3;3;0.0;0.0
"increas";5;6;0.0;0.0
"incumb";4;4;0.0;0.0
"independ";26;31;0.0;0.0
"individu";57;85;0.0;0.0
"industri";55;75;0.0;0.0
"info";11;12;0.0;0.0
"inform";54;69;0.0;0.0
"initi";11;14;0.0;0.0
"innov";11;12;0.0;0.0
"inquiri";8;8;0.0;0.0
"insight";3;5;0.0;0.0
"inspect";4;5;0.0;0.0
"inspir";11;11;0.0;0.0
"instal";16;20;0.0;0.0
"institut";12;17;0.0;0.0
"instruct";10;16;0.0;0.0
"instructor";5;10;0.0;0.0
"insur";10;16;0.0;0.0
"integr";21;25;0.0;0.0
"intellig";5;5;0.0;0.0
"interact";18;22;0.0;0.0
"interest";90;109;0.0;0.0
"interfac";3;3;0.0;0.0
"interior";3;4;0.0;0.0
"intermedi";8;9;0.0;0.0
"intern";19;26;0.0;0.0
"internet";5;6;0.0;0.0
"interperson";14;15;0.0;0.0
"interpret";4;4;0.0;0.0
"intervent";5;5;0.0;0.0
"interview";59;65;0.0;0.0
"introduct";3;6;0.0;0.0
"inventori";11;23;0.0;0.0
"invest";6;14;0.0;0.0
"investig";5;7;0.0;0.0
"invit";11;11;0.0;0.0
"invoic";9;15;0.0;0.0
"involv";14;14;0.0;0.0
"island";3;5;0.0;0.0
"issu";21;30;0.0;0.0
"item";9;12;0.0;0.0
"janitori";4;5;0.0;0.0
"januari";4;4;0.0;0.0
"javascript";3;3;0.0;0.0
"job";107;165;0.0;0.0
"join";56;66;0.0;0.0
"joke";3;3;0.0;0.0
"jonev";3;6;0.0;0.0
"junior";6;6;0.0;0.0
"k";5;7;0.0;0.0
"keen";6;6;0.0;0.0
"keep";19;24;0.0;0.0
"kei";28;28;0.0;0.0
"kid";4;10;0.0;0.0
"kitchen";13;26;0.0;0.0
"know";17;18;0.0;0.0
"knowledg";92;125;0.0;0.0
"korean";6;12;0.0;0.0
"label";4;5;0.0;0.0
"labor";3;3;0.0;0.0
"labour";6;7;0.0;0.0
"langlei";5;5;0.0;0.0
"languag";20;23;0.0;0.0
"largest";17;17;0.0;0.0
"latest";8;10;0.0;0.0
"launch";4;4;0.0;0.0
"laundri";4;4;0.0;0.0
"law";3;10;0.0;0.0
"lawyer";4;4;0.0;0.0
"layer";3;4;0.0;0.0
"lb";6;8;0.0;0.0
"lead";49;71;0.0;0.0
"leader";9;9;0.0;0.0
"leadership";10;12;0.0;0.0
"learn";47;64;0.0;0.0
"learner";5;5;0.0;0.0
"leav";7;8;0.0;0.0
"legaci";3;3;0.0;0.0
"legal";4;5;0.0;0.0
"legisl";3;6;0.0;0.0
"length";3;5;0.0;0.0
"lesson";4;4;0.0;0.0
"let";3;3;0.0;0.0
"letter";78;84;0.0;0.0
"level";51;69;0.0;0.0
"li";3;3;0.0;0.0
"liais";4;4;0.0;0.0
"licenc";5;5;0.0;0.0
"licens";40;46;0.0;0.0
"life";8;8;0.0;0.0
"lifestyl";6;7;0.0;0.0
"lift";10;10;0.0;0.0
"light";12;14;0.0;0.0
"limit";15;18;0.0;0.0
"line";40;42;0.0;0.0
"link";8;9;0.0;0.0
"list";18;18;0.0;0.0
"listen";5;5;0.0;0.0
"live";24;26;0.0;0.0
"ll";5;8;0.0;0.0
"load";5;7;0.0;0.0
"local";22;33;0.0;0.0
"locat";66;82;0.0;0.0
"logist";3;3;0.0;0.0
"look";185;251;0.0;0.0
"lot";6;6;0.0;0.0
"love";27;40;0.0;0.0
"low";3;3;0.0;0.0
"lower";21;23;0.0;0.0
"lpn";3;3;0.0;0.0
"ltd";4;4;0.0;0.0
"luck";3;3;0.0;0.0
"lunch";3;3;0.0;0.0
"m";9;10;0.0;0.0
"mac";9;12;0.0;0.0
"machin";9;21;0.0;0.0
"machineri";5;11;0.0;0.0
"made";8;10;0.0;0.0
"mail";18;22;0.0;0.0
"main";6;7;0.0;0.0
"mainland";20;22;0.0;0.0
"mainli";4;5;0.0;0.0
"maintain";50;70;0.0;0.0
"mainten";17;39;0.0;0.0
"major";10;10;0.0;0.0
"make";40;52;0.0;0.0
"maker";3;4;0.0;0.0
"male";6;6;0.0;0.0
"mall";3;3;0.0;0.0
"man";3;3;0.0;0.0
"manag";90;222;0.0;0.0
"mandarin";3;3;0.0;0.0
"mandatori";4;4;0.0;0.0
"manner";16;19;0.0;0.0
"manual";8;8;0.0;0.0
"manufactur";14;19;0.0;0.0
"map";3;3;0.0;0.0
"mark";4;6;0.0;0.0
"market";42;88;0.0;0.0
"massag";7;11;0.0;0.0
"master";7;9;0.0;0.0
"materi";29;43;0.0;0.0
"math";11;14;0.0;0.0
"matter";3;3;0.0;0.0
"matur";10;10;0.0;0.0
"maxim";8;8;0.0;0.0
"meal";13;17;0.0;0.0
"mean";4;4;0.0;0.0
"measur";4;4;0.0;0.0
"mechan";7;20;0.0;0.0
"media";10;15;0.0;0.0
"medic";15;18;0.0;0.0
"meet";65;83;0.0;0.0
"member";25;29;0.0;0.0
"membership";5;8;0.0;0.0
"men";3;3;0.0;0.0
"mental";6;12;0.0;0.0
"mention";6;6;0.0;0.0
"mentor";3;5;0.0;0.0
"menu";5;9;0.0;0.0
"merchandis";10;12;0.0;0.0
"messag";4;4;0.0;0.0
"metal";5;9;0.0;0.0
"method";4;4;0.0;0.0
"methodolog";6;6;0.0;0.0
"metro";3;3;0.0;0.0
"microsoft";18;21;0.0;0.0
"midnight";3;3;0.0;0.0
"mike";4;4;0.0;0.0
"mile";4;7;0.0;0.0
"mill";5;7;0.0;0.0
"million";5;6;0.0;0.0
"min";7;7;0.0;0.0
"mind";10;12;0.0;0.0
"minim";4;5;0.0;0.0
"minimum";67;89;0.0;0.0
"minor";3;3;0.0;0.0
"mission";3;3;0.0;0.0
"mobil";8;12;0.0;0.0
"modern";4;4;0.0;0.0
"modul";7;7;0.0;0.0
"moment";4;4;0.0;0.0
"mon";3;3;0.0;0.0
"mondai";24;24;0.0;0.0
"monei";9;10;0.0;0.0
"monitor";12;14;0.0;0.0
"month";36;43;0.0;0.0
"monthli";5;7;0.0;0.0
"morn";6;6;0.0;0.0
"motiv";46;49;0.0;0.0
"motor";3;4;0.0;0.0
"move";10;10;0.0;0.0
"ms";13;13;0.0;0.0
"multi";24;28;0.0;0.0
"multipl";7;7;0.0;0.0
"multitask";3;3;0.0;0.0
"municip";4;4;0.0;0.0
"n";3;3;0.0;0.0
"nail";3;4;0.0;0.0
"name";12;12;0.0;0.0
"nation";8;18;0.0;0.0
"natur";11;12;0.0;0.0
"nd";4;4;0.0;0.0
"nearbi";4;4;0.0;0.0
"nearli";3;3;0.0;0.0
"neat";6;6;0.0;0.0
"necessari";24;26;0.0;0.0
"negoti";8;9;0.0;0.0
"net";16;25;0.0;0.0
"network";16;30;0.0;0.0
"newest";3;5;0.0;0.0
"nice";5;5;0.0;0.0
"night";14;18;0.0;0.0
"non";9;12;0.0;0.0
"north";20;21;0.0;0.0
"note";17;18;0.0;0.0
"notic";4;5;0.0;0.0
"nov";6;6;0.0;0.0
"novemb";30;37;0.0;0.0
"number";16;18;0.0;0.0
"numer";3;3;0.0;0.0
"nurs";5;7;0.0;0.0
"o";7;37;0.0;0.0
"object";11;13;0.0;0.0
"obtain";7;8;0.0;0.0
"occasion";9;9;0.0;0.0
"occur";5;5;0.0;0.0
"offer";64;70;0.0;0.0
"offic";67;114;0.0;0.0
"ok";5;5;0.0;0.0
"old";8;8;0.0;0.0
"ongo";9;9;0.0;0.0
"onlin";16;22;0.0;0.0
"open";31;32;0.0;0.0
"oper";46;65;0.0;0.0
"opportun";74;113;0.0;0.0
"optim";8;8;0.0;0.0
"option";7;8;0.0;0.0
"oracl";4;6;0.0;0.0
"oral";11;11;0.0;0.0
"order";26;32;0.0;0.0
"orderli";3;3;0.0;0.0
"ordin";3;3;0.0;0.0
"org";3;3;0.0;0.0
"organ";57;69;0.0;0.0
"organiz";15;15;0.0;0.0
"orient";38;48;0.0;0.0
"origin";3;3;0.0;0.0
"os";3;3;0.0;0.0
"other";16;18;0.0;0.0
"out";5;5;0.0;0.0
"outbound";4;4;0.0;0.0
"outgo";22;24;0.0;0.0
"outlin";7;7;0.0;0.0
"outlook";3;3;0.0;0.0
"outstand";8;9;0.0;0.0
"overal";3;4;0.0;0.0
"overse";6;7;0.0;0.0
"overtim";5;5;0.0;0.0
"overview";4;4;0.0;0.0
"own";15;15;0.0;0.0
"owner";10;15;0.0;0.0
"ownership";5;5;0.0;0.0
"p";12;13;0.0;0.0
"pace";42;44;0.0;0.0
"pacif";3;4;0.0;0.0
"pack";8;10;0.0;0.0
"packag";29;34;0.0;0.0
"page";5;6;0.0;0.0
"pai";34;39;0.0;0.0
"paid";14;15;0.0;0.0
"paper";8;8;0.0;0.0
"paperwork";3;3;0.0;0.0
"park";9;14;0.0;0.0
"part";94;116;0.0;0.0
"parti";3;3;0.0;0.0
"particip";14;18;0.0;0.0
"particularli";3;3;0.0;0.0
"partner";8;13;0.0;0.0
"pass";8;11;0.0;0.0
"passion";28;37;0.0;0.0
"patienc";3;3;0.0;0.0
"patient";6;14;0.0;0.0
"patron";3;3;0.0;0.0
"payabl";5;6;0.0;0.0
"payment";4;4;0.0;0.0
"payrol";6;12;0.0;0.0
"pc";3;5;0.0;0.0
"pdf";4;4;0.0;0.0
"peopl";54;74;0.0;0.0
"perfect";5;5;0.0;0.0
"perform";41;64;0.0;0.0
"period";9;13;0.0;0.0
"perk";5;6;0.0;0.0
"perman";21;22;0.0;0.0
"person";93;112;0.0;0.0
"personnel";6;10;0.0;0.0
"peter";10;23;0.0;0.0
"phase";4;4;0.0;0.0
"phone";45;50;0.0;0.0
"photo";3;5;0.0;0.0
"photographi";3;5;0.0;0.0
"photoshop";5;8;0.0;0.0
"php";7;12;0.0;0.0
"physic";14;18;0.0;0.0
"pick";8;8;0.0;0.0
"pictur";3;3;0.0;0.0
"pl";3;3;0.0;0.0
"place";19;21;0.0;0.0
"plai";7;8;0.0;0.0
"plan";44;75;0.0;0.0
"planet";3;3;0.0;0.0
"planner";4;5;0.0;0.0
"plant";4;5;0.0;0.0
"platform";4;4;0.0;0.0
"player";25;26;0.0;0.0
"pleas";253;323;0.0;0.0
"pleasant";3;3;0.0;0.0
"plenti";3;4;0.0;0.0
"pm";47;75;0.0;0.0
"pmi";3;3;0.0;0.0
"pmp";3;3;0.0;0.0
"po";3;3;0.0;0.0
"point";9;10;0.0;0.0
"polici";9;9;0.0;0.0
"popular";3;3;0.0;0.0
"portfolio";10;12;0.0;0.0
"portion";5;5;0.0;0.0
"posit";161;267;0.0;0.0
"poss";3;3;0.0;0.0
"possess";15;16;0.0;0.0
"possibl";8;8;0.0;0.0
"post";33;40;0.0;0.0
"poster";3;6;0.0;0.0
"potenti";21;21;0.0;0.0
"pound";3;4;0.0;0.0
"power";9;16;0.0;0.0
"powerpoint";4;4;0.0;0.0
"practic";20;23;0.0;0.0
"pre";9;10;0.0;0.0
"predetermin";3;3;0.0;0.0
"prefer";50;56;0.0;0.0
"prep";10;13;0.0;0.0
"prepar";42;59;0.0;0.0
"present";18;21;0.0;0.0
"pressur";7;7;0.0;0.0
"prevent";8;9;0.0;0.0
"previou";26;27;0.0;0.0
"price";10;11;0.0;0.0
"pride";11;11;0.0;0.0
"primari";5;5;0.0;0.0
"primarili";5;5;0.0;0.0
"princip";3;3;0.0;0.0
"principl";6;6;0.0;0.0
"print";12;23;0.0;0.0
"prior";8;8;0.0;0.0
"priorit";10;10;0.0;0.0
"prioriti";9;9;0.0;0.0
"privat";6;6;0.0;0.0
"pro";4;5;0.0;0.0
"proactiv";6;7;0.0;0.0
"probationari";4;5;0.0;0.0
"problem";32;43;0.0;0.0
"procedur";15;16;0.0;0.0
"process";33;50;0.0;0.0
"procur";3;4;0.0;0.0
"produc";6;8;0.0;0.0
"product";72;151;0.0;0.0
"profession";67;86;0.0;0.0
"profici";19;20;0.0;0.0
"profil";8;8;0.0;0.0
"profit";15;15;0.0;0.0
"program";38;60;0.0;0.0
"progress";13;13;0.0;0.0
"project";40;101;0.0;0.0
"promot";18;22;0.0;0.0
"proof";5;5;0.0;0.0
"proper";4;4;0.0;0.0
"properli";3;3;0.0;0.0
"properti";6;17;0.0;0.0
"propos";5;7;0.0;0.0
"proprietari";4;4;0.0;0.0
"prospect";9;11;0.0;0.0
"protocol";6;7;0.0;0.0
"proven";22;24;0.0;0.0
"provid";79;123;0.0;0.0
"provinci";6;6;0.0;0.0
"pt";5;15;0.0;0.0
"pub";7;9;0.0;0.0
"publish";3;3;0.0;0.0
"pull";4;4;0.0;0.0
"punctual";7;7;0.0;0.0
"punjabi";4;4;0.0;0.0
"purchas";6;12;0.0;0.0
"purpos";6;6;0.0;0.0
"put";6;7;0.0;0.0
"qa";3;3;0.0;0.0
"qualif";48;54;0.0;0.0
"qualifi";23;26;0.0;0.0
"qualiti";44;46;0.0;0.0
"quantiti";7;7;0.0;0.0
"question";7;7;0.0;0.0
"quick";6;6;0.0;0.0
"quickli";13;13;0.0;0.0
"quot";15;16;0.0;0.0
"r";3;3;0.0;0.0
"rail";3;3;0.0;0.0
"rang";16;17;0.0;0.0
"rapidli";7;7;0.0;0.0
"rare";3;3;0.0;0.0
"rate";16;16;0.0;0.0
"rd";4;5;0.0;0.0
"reach";3;3;0.0;0.0
"read";21;24;0.0;0.0
"readi";9;10;0.0;0.0
"realtor";3;3;0.0;0.0
"reason";4;5;0.0;0.0
"receipt";3;4;0.0;0.0
"receiv";19;28;0.0;0.0
"recent";13;13;0.0;0.0
"recept";10;10;0.0;0.0
"receptionist";13;14;0.0;0.0
"recogn";6;6;0.0;0.0
"recommend";9;9;0.0;0.0
"reconcili";6;6;0.0;0.0
"record";42;48;0.0;0.0
"recreat";3;3;0.0;0.0
"recruit";21;23;0.0;0.0
"recycl";4;9;0.0;0.0
"red";6;6;0.0;0.0
"refer";23;23;0.0;0.0
"referr";6;8;0.0;0.0
"refriger";3;10;0.0;0.0
"regard";11;11;0.0;0.0
"regist";9;15;0.0;0.0
"registr";4;4;0.0;0.0
"regul";5;9;0.0;0.0
"regular";13;13;0.0;0.0
"regularli";3;3;0.0;0.0
"relat";44;64;0.0;0.0
"relationship";19;25;0.0;0.0
"relax";4;4;0.0;0.0
"releas";3;3;0.0;0.0
"relev";15;18;0.0;0.0
"reliabl";39;40;0.0;0.0
"remov";3;3;0.0;0.0
"render";6;10;0.0;0.0
"renov";4;4;0.0;0.0
"rent";4;5;0.0;0.0
"rep";5;5;0.0;0.0
"repair";18;30;0.0;0.0
"replac";7;7;0.0;0.0
"repli";23;25;0.0;0.0
"report";37;59;0.0;0.0
"repres";10;13;0.0;0.0
"reput";4;4;0.0;0.0
"request";16;17;0.0;0.0
"requir";167;294;0.0;0.0
"research";14;18;0.0;0.0
"resid";9;9;0.0;0.0
"residenti";12;19;0.0;0.0
"resolut";4;4;0.0;0.0
"resolv";7;8;0.0;0.0
"resourc";16;29;0.0;0.0
"respect";11;12;0.0;0.0
"respond";22;22;0.0;0.0
"respons";81;102;0.0;0.0
"rest";3;3;0.0;0.0
"restaur";24;30;0.0;0.0
"result";12;13;0.0;0.0
"resum";196;218;0.0;0.0
"retail";27;61;0.0;0.0
"retain";5;5;0.0;0.0
"revenu";4;5;0.0;0.0
"review";16;19;0.0;0.0
"reward";16;19;0.0;0.0
"richmond";15;16;0.0;0.0
"risk";4;6;0.0;0.0
"river";4;4;0.0;0.0
"road";5;5;0.0;0.0
"robson";6;6;0.0;0.0
"role";45;52;0.0;0.0
"room";13;25;0.0;0.0
"rotat";4;4;0.0;0.0
"rout";3;5;0.0;0.0
"routin";4;7;0.0;0.0
"royal";5;11;0.0;0.0
"rrsp";4;4;0.0;0.0
"run";16;18;0.0;0.0
"s";107;186;0.0;0.0
"safe";20;24;0.0;0.0
"safeti";20;20;0.0;0.0
"salari";37;43;0.0;0.0
"sale";73;207;0.0;0.0
"salon";11;13;0.0;0.0
"salvag";3;3;0.0;0.0
"sampl";4;4;0.0;0.0
"sanitari";3;3;0.0;0.0
"sap";5;6;0.0;0.0
"sat";4;7;0.0;0.0
"satisfact";6;9;0.0;0.0
"satisfi";3;3;0.0;0.0
"saturdai";27;35;0.0;0.0
"sc";3;3;0.0;0.0
"scan";3;4;0.0;0.0
"schedul";46;56;0.0;0.0
"scheme";3;3;0.0;0.0
"school";28;35;0.0;0.0
"scienc";10;11;0.0;0.0
"scope";8;9;0.0;0.0
"scrap";3;3;0.0;0.0
"script";7;11;0.0;0.0
"seal";9;9;0.0;0.0
"search";11;13;0.0;0.0
"season";10;13;0.0;0.0
"secondari";11;11;0.0;0.0
"section";3;3;0.0;0.0
"sector";8;8;0.0;0.0
"secur";15;39;0.0;0.0
"see";16;18;0.0;0.0
"seek";59;62;0.0;0.0
"select";22;26;0.0;0.0
"self";37;38;0.0;0.0
"sell";22;30;0.0;0.0
"send";81;83;0.0;0.0
"senior";14;17;0.0;0.0
"sens";8;8;0.0;0.0
"seriou";7;8;0.0;0.0
"serv";23;29;0.0;0.0
"server";16;23;0.0;0.0
"servic";120;232;0.0;0.0
"session";5;7;0.0;0.0
"set";39;45;0.0;0.0
"setup";5;5;0.0;0.0
"share";19;20;0.0;0.0
"shaw";3;3;0.0;0.0
"sheet";4;4;0.0;0.0
"shift";43;54;0.0;0.0
"ship";9;25;0.0;0.0
"shoe";4;8;0.0;0.0
"shoot";4;5;0.0;0.0
"shop";30;41;0.0;0.0
"shore";4;4;0.0;0.0
"shortag";3;3;0.0;0.0
"shortlist";5;5;0.0;0.0
"shot";3;3;0.0;0.0
"show";12;16;0.0;0.0
"side";7;8;0.0;0.0
"signatur";3;3;0.0;0.0
"signific";3;3;0.0;0.0
"similar";5;5;0.0;0.0
"simpl";5;5;0.0;0.0
"sin";3;3;0.0;0.0
"sincer";3;3;0.0;0.0
"sit";3;3;0.0;0.0
"site";18;29;0.0;0.0
"situat";11;11;0.0;0.0
"size";7;8;0.0;0.0
"skill";146;269;0.0;0.0
"skytrain";4;4;0.0;0.0
"slip";3;3;0.0;0.0
"smart";3;3;0.0;0.0
"smile";3;3;0.0;0.0
"social";19;20;0.0;0.0
"softwar";35;61;0.0;0.0
"solid";8;11;0.0;0.0
"solut";33;63;0.0;0.0
"solv";19;20;0.0;0.0
"sound";10;10;0.0;0.0
"sourc";9;10;0.0;0.0
"south";6;7;0.0;0.0
"spa";3;8;0.0;0.0
"space";5;9;0.0;0.0
"speak";19;20;0.0;0.0
"special";19;20;0.0;0.0
"specialist";6;8;0.0;0.0
"specialti";3;3;0.0;0.0
"specif";21;23;0.0;0.0
"specifi";6;6;0.0;0.0
"speed";8;8;0.0;0.0
"spend";5;5;0.0;0.0
"spoken";14;14;0.0;0.0
"sport";6;10;0.0;0.0
"spring";3;3;0.0;0.0
"sq";4;4;0.0;0.0
"sql";7;9;0.0;0.0
"squar";4;4;0.0;0.0
"st";15;20;0.0;0.0
"staf";3;3;0.0;0.0
"staff";28;38;0.0;0.0
"stage";5;6;0.0;0.0
"stai";9;10;0.0;0.0
"stakehold";4;6;0.0;0.0
"stand";5;5;0.0;0.0
"standard";22;29;0.0;0.0
"start";74;90;0.0;0.0
"starter";5;6;0.0;0.0
"state";13;13;0.0;0.0
"statement";6;8;0.0;0.0
"station";4;4;0.0;0.0
"statist";6;7;0.0;0.0
"statu";5;6;0.0;0.0
"steel";6;7;0.0;0.0
"step";4;5;0.0;0.0
"sterl";3;3;0.0;0.0
"stock";8;9;0.0;0.0
"stop";5;5;0.0;0.0
"store";25;48;0.0;0.0
"stori";6;11;0.0;0.0
"strata";3;3;0.0;0.0
"strateg";3;5;0.0;0.0
"strategi";10;12;0.0;0.0
"street";19;19;0.0;0.0
"strict";5;5;0.0;0.0
"strictli";3;3;0.0;0.0
"strive";5;5;0.0;0.0
"strong";59;83;0.0;0.0
"structur";11;12;0.0;0.0
"student";18;36;0.0;0.0
"studio";4;6;0.0;0.0
"style";10;10;0.0;0.0
"stylist";3;3;0.0;0.0
"sub";3;3;0.0;0.0
"subject";23;24;0.0;0.0
"submiss";6;7;0.0;0.0
"submit";21;24;0.0;0.0
"succe";10;11;0.0;0.0
"success";44;56;0.0;0.0
"suggest";5;5;0.0;0.0
"suit";5;5;0.0;0.0
"suitabl";10;10;0.0;0.0
"summari";5;5;0.0;0.0
"sundai";9;9;0.0;0.0
"superior";6;6;0.0;0.0
"supervis";21;23;0.0;0.0
"supervisor";11;14;0.0;0.0
"supervisori";4;5;0.0;0.0
"supplement";5;5;0.0;0.0
"suppli";26;32;0.0;0.0
"supplier";8;8;0.0;0.0
"support";52;94;0.0;0.0
"surplu";3;3;0.0;0.0
"surrei";14;19;0.0;0.0
"sustain";3;4;0.0;0.0
"system";37;71;0.0;0.0
"t";31;42;0.0;0.0
"tabl";6;6;0.0;0.0
"take";50;59;0.0;0.0
"tale";3;3;0.0;0.0
"talent";12;16;0.0;0.0
"talk";8;8;0.0;0.0
"target";11;13;0.0;0.0
"task";38;49;0.0;0.0
"tax";5;13;0.0;0.0
"tb";5;5;0.0;0.0
"teach";8;21;0.0;0.0
"teacher";6;12;0.0;0.0
"team";142;227;0.0;0.0
"teamwork";7;7;0.0;0.0
"tech";7;8;0.0;0.0
"technic";24;42;0.0;0.0
"technician";10;18;0.0;0.0
"techniqu";8;8;0.0;0.0
"technolog";30;55;0.0;0.0
"telemarket";4;7;0.0;0.0
"telephon";10;11;0.0;0.0
"tell";7;14;0.0;0.0
"temporari";4;4;0.0;0.0
"tenant";3;3;0.0;0.0
"term";19;20;0.0;0.0
"territori";3;3;0.0;0.0
"test";14;49;0.0;0.0
"text";4;6;0.0;0.0
"th";19;22;0.0;0.0
"thank";75;77;0.0;0.0
"therapist";10;14;0.0;0.0
"thing";4;6;0.0;0.0
"think";15;17;0.0;0.0
"thinker";3;3;0.0;0.0
"thorough";6;7;0.0;0.0
"thrive";10;10;0.0;0.0
"thur";3;3;0.0;0.0
"thursdai";12;12;0.0;0.0
"ticket";7;7;0.0;0.0
"tidi";5;6;0.0;0.0
"tight";7;7;0.0;0.0
"time";156;242;0.0;0.0
"timelin";3;3;0.0;0.0
"tip";4;8;0.0;0.0
"tire";5;6;0.0;0.0
"titl";6;7;0.0;0.0
"tool";28;36;0.0;0.0
"top";10;10;0.0;0.0
"total";4;4;0.0;0.0
"touch";3;3;0.0;0.0
"town";6;6;0.0;0.0
"track";13;14;0.0;0.0
"trade";7;8;0.0;0.0
"traffic";4;4;0.0;0.0
"train";79;111;0.0;0.0
"traine";4;9;0.0;0.0
"transfer";7;7;0.0;0.0
"transit";6;7;0.0;0.0
"translat";3;3;0.0;0.0
"transport";24;25;0.0;0.0
"travel";16;19;0.0;0.0
"treat";6;6;0.0;0.0
"treatment";3;4;0.0;0.0
"trend";4;4;0.0;0.0
"trim";4;4;0.0;0.0
"trip";6;8;0.0;0.0
"troubl";4;4;0.0;0.0
"troubleshoot";13;19;0.0;0.0
"truck";15;22;0.0;0.0
"tue";3;3;0.0;0.0
"tuesdai";5;5;0.0;0.0
"tutor";5;13;0.0;0.0
"type";11;12;0.0;0.0
"typic";5;5;0.0;0.0
"u";4;4;0.0;0.0
"ubc";4;7;0.0;0.0
"ultim";3;3;0.0;0.0
"unabl";3;3;0.0;0.0
"understand";41;50;0.0;0.0
"unforgett";3;3;0.0;0.0
"uniform";4;4;0.0;0.0
"union";6;11;0.0;0.0
"uniqu";13;13;0.0;0.0
"unit";6;7;0.0;0.0
"univers";15;15;0.0;0.0
"unload";4;5;0.0;0.0
"up";3;3;0.0;0.0
"upcom";3;3;0.0;0.0
"updat";18;20;0.0;0.0
"upgrad";5;5;0.0;0.0
"urban";3;4;0.0;0.0
"us";56;76;0.0;0.0
"usa";3;3;0.0;0.0
"user";14;18;0.0;0.0
"util";8;8;0.0;0.0
"v";9;9;0.0;0.0
"vacanc";4;4;0.0;0.0
"vacat";11;12;0.0;0.0
"valid";30;30;0.0;0.0
"valu";15;15;0.0;0.0
"valuabl";3;3;0.0;0.0
"van";7;7;0.0;0.0
"vancouv";89;108;0.0;0.0
"vari";4;4;0.0;0.0
"varieti";27;33;0.0;0.0
"variou";21;22;0.0;0.0
"vast";4;4;0.0;0.0
"vehicl";28;34;0.0;0.0
"vendor";6;10;0.0;0.0
"venu";3;3;0.0;0.0
"verbal";24;24;0.0;0.0
"verifi";5;5;0.0;0.0
"victor";3;3;0.0;0.0
"video";6;10;0.0;0.0
"view";8;10;0.0;0.0
"violent";3;3;0.0;0.0
"vision";6;7;0.0;0.0
"visit";39;42;0.0;0.0
"voic";4;4;0.0;0.0
"volum";12;12;0.0;0.0
"volunt";3;6;0.0;0.0
"w";5;6;0.0;0.0
"wage";38;39;0.0;0.0
"walk";6;10;0.0;0.0
"want";47;56;0.0;0.0
"warehous";8;18;0.0;0.0
"wash";3;4;0.0;0.0
"watch";3;4;0.0;0.0
"water";7;11;0.0;0.0
"wealth";3;3;0.0;0.0
"web";22;44;0.0;0.0
"websit";25;30;0.0;0.0
"wed";5;6;0.0;0.0
"wednesdai";5;5;0.0;0.0
"week";55;66;0.0;0.0
"weekdai";8;8;0.0;0.0
"weekend";29;31;0.0;0.0
"weekli";9;10;0.0;0.0
"weigh";4;5;0.0;0.0
"welcom";7;7;0.0;0.0
"welfar";3;3;0.0;0.0
"west";15;20;0.0;0.0
"western";4;4;0.0;0.0
"wholesal";4;4;0.0;0.0
"why";15;17;0.0;0.0
"wide";12;13;0.0;0.0
"will";43;49;0.0;0.0
"willing";10;10;0.0;0.0
"win";13;13;0.0;0.0
"window";15;17;0.0;0.0
"wine";4;12;0.0;0.0
"winter";3;3;0.0;0.0
"wireless";5;16;0.0;0.0
"wish";3;3;0.0;0.0
"wk";7;7;0.0;0.0
"women";7;9;0.0;0.0
"wonder";3;3;0.0;0.0
"word";22;23;0.0;0.0
"work";236;527;0.0;0.0
"worker";19;34;0.0;0.0
"workflow";5;6;0.0;0.0
"workplac";3;3;0.0;0.0
"world";13;14;0.0;0.0
"worth";5;5;0.0;0.0
"wpcg";3;15;0.0;0.0
"wrap";3;3;0.0;0.0
"write";32;49;0.0;0.0
"writer";7;15;0.0;0.0
"written";42;49;0.0;0.0
"www";58;72;0.0;0.0
"x";4;4;0.0;0.0
"xml";4;4;0.0;0.0
"yahoo";4;4;0.0;0.0
"yard";3;3;0.0;0.0
"ye";4;4;0.0;0.0
"year";138;182;0.0;0.0
"young";6;6;0.0;0.0
"yr";4;4;0.0;0.0
